week,brand,finished_good_sku,sales_channel,sales_qty,promo_flag,promo_uplift
1,AquaMuse,AM_BASIC_TONER,Amazon_US,196,0,0.0
1,AquaMuse,AM_BASIC_TONER,D2C,166,0,0.0
1,AquaMuse,AM_BASIC_TONER,Domestic_Retail,219,0,0.0
1,AquaMuse,AM_BASIC_TONER,Japan_Offline,112,1,0.211
1,AquaMuse,AM_BUNDLE_KIT,Amazon_US,100,0,0.0
1,AquaMuse,AM_BUNDLE_KIT,D2C,99,0,0.0
1,AquaMuse,AM_BUNDLE_KIT,Domestic_Retail,207,0,0.0
1,AquaMuse,AM_BUNDLE_KIT,Japan_Offline,82,0,0.0
1,GlowLab,GL_HERO_SERUM,Amazon_US,551,1,0.376
1,GlowLab,GL_HERO_SERUM,D2C,651,0,0.0
1,GlowLab,GL_HERO_SERUM,Domestic_Retail,857,1,0.396
1,GlowLab,GL_HERO_SERUM,Japan_Offline,382,0,0.0
1,GlowLab,GL_NEW_AMPOULE,Amazon_US,77,0,0.0
1,GlowLab,GL_NEW_AMPOULE,D2C,155,0,0.0
1,GlowLab,GL_NEW_AMPOULE,Domestic_Retail,57,0,0.0
1,GlowLab,GL_NEW_AMPOULE,Japan_Offline,58,0,0.0
1,PureLeaf,PL_GLOBAL_CREAM,Amazon_US,159,0,0.0
1,PureLeaf,PL_GLOBAL_CREAM,D2C,468,1,0.452
1,PureLeaf,PL_GLOBAL_CREAM,Domestic_Retail,216,0,0.0
1,PureLeaf,PL_GLOBAL_CREAM,Japan_Offline,139,1,0.174
1,PureLeaf,PL_SLOW_MASK,Amazon_US,22,0,0.0
1,PureLeaf,PL_SLOW_MASK,D2C,187,1,0.334
1,PureLeaf,PL_SLOW_MASK,Domestic_Retail,0,0,0.0
1,PureLeaf,PL_SLOW_MASK,Japan_Offline,20,0,0.0
2,AquaMuse,AM_BASIC_TONER,Amazon_US,192,0,0.0
2,AquaMuse,AM_BASIC_TONER,D2C,380,1,0.19
2,AquaMuse,AM_BASIC_TONER,Domestic_Retail,212,0,0.0
2,AquaMuse,AM_BASIC_TONER,Japan_Offline,193,0,0.0
2,AquaMuse,AM_BUNDLE_KIT,Amazon_US,120,0,0.0
2,AquaMuse,AM_BUNDLE_KIT,D2C,381,1,0.655
2,AquaMuse,AM_BUNDLE_KIT,Domestic_Retail,157,0,0.0
2,AquaMuse,AM_BUNDLE_KIT,Japan_Offline,136,1,0.781
2,GlowLab,GL_HERO_SERUM,Amazon_US,402,0,0.0
2,GlowLab,GL_HERO_SERUM,D2C,1074,1,0.532
2,GlowLab,GL_HERO_SERUM,Domestic_Retail,562,0,0.0
2,GlowLab,GL_HERO_SERUM,Japan_Offline,312,1,0.35
2,GlowLab,GL_NEW_AMPOULE,Amazon_US,118,1,0.299
2,GlowLab,GL_NEW_AMPOULE,D2C,86,0,0.0
2,GlowLab,GL_NEW_AMPOULE,Domestic_Retail,95,0,0.0
2,GlowLab,GL_NEW_AMPOULE,Japan_Offline,29,0,0.0
2,PureLeaf,PL_GLOBAL_CREAM,Amazon_US,170,0,0.0
2,PureLeaf,PL_GLOBAL_CREAM,D2C,124,0,0.0
2,PureLeaf,PL_GLOBAL_CREAM,Domestic_Retail,92,0,0.0
2,PureLeaf,PL_GLOBAL_CREAM,Japan_Offline,121,0,0.0
2,PureLeaf,PL_SLOW_MASK,Amazon_US,0,1,0.505
2,PureLeaf,PL_SLOW_MASK,D2C,41,0,0.0
2,PureLeaf,PL_SLOW_MASK,Domestic_Retail,0,0,0.0
2,PureLeaf,PL_SLOW_MASK,Japan_Offline,54,0,0.0
3,AquaMuse,AM_BASIC_TONER,Amazon_US,200,0,0.0
3,AquaMuse,AM_BASIC_TONER,D2C,201,0,0.0
3,AquaMuse,AM_BASIC_TONER,Domestic_Retail,161,0,0.0
3,AquaMuse,AM_BASIC_TONER,Japan_Offline,150,1,0.069
3,AquaMuse,AM_BUNDLE_KIT,Amazon_US,214,0,0.0
3,AquaMuse,AM_BUNDLE_KIT,D2C,456,0,0.0
3,AquaMuse,AM_BUNDLE_KIT,Domestic_Retail,91,0,0.0
3,AquaMuse,AM_BUNDLE_KIT,Japan_Offline,38,0,0.0
3,GlowLab,GL_HERO_SERUM,Amazon_US,469,0,0.0
3,GlowLab,GL_HERO_SERUM,D2C,624,0,0.0
3,GlowLab,GL_HERO_SERUM,Domestic_Retail,457,0,0.0
3,GlowLab,GL_HERO_SERUM,Japan_Offline,321,0,0.0
3,GlowLab,GL_NEW_AMPOULE,Amazon_US,39,0,0.0
3,GlowLab,GL_NEW_AMPOULE,D2C,102,0,0.0
3,GlowLab,GL_NEW_AMPOULE,Domestic_Retail,110,0,0.0
3,GlowLab,GL_NEW_AMPOULE,Japan_Offline,196,1,0.291
3,PureLeaf,PL_GLOBAL_CREAM,Amazon_US,205,1,0.374
3,PureLeaf,PL_GLOBAL_CREAM,D2C,216,0,0.0
3,PureLeaf,PL_GLOBAL_CREAM,Domestic_Retail,243,0,0.0
3,PureLeaf,PL_GLOBAL_CREAM,Japan_Offline,133,1,0.371
3,PureLeaf,PL_SLOW_MASK,Amazon_US,0,0,0.0
3,PureLeaf,PL_SLOW_MASK,D2C,32,0,0.0
3,PureLeaf,PL_SLOW_MASK,Domestic_Retail,38,1,0.613
3,PureLeaf,PL_SLOW_MASK,Japan_Offline,0,0,0.0
4,AquaMuse,AM_BASIC_TONER,Amazon_US,292,0,0.0
4,AquaMuse,AM_BASIC_TONER,D2C,618,1,0.608
4,AquaMuse,AM_BASIC_TONER,Domestic_Retail,222,1,0.169
4,AquaMuse,AM_BASIC_TONER,Japan_Offline,136,0,0.0
4,AquaMuse,AM_BUNDLE_KIT,Amazon_US,249,1,0.908
4,AquaMuse,AM_BUNDLE_KIT,D2C,335,0,0.0
4,AquaMuse,AM_BUNDLE_KIT,Domestic_Retail,199,0,0.0
4,AquaMuse,AM_BUNDLE_KIT,Japan_Offline,129,0,0.0
4,GlowLab,GL_HERO_SERUM,Amazon_US,645,1,0.283
4,GlowLab,GL_HERO_SERUM,D2C,381,0,0.0
4,GlowLab,GL_HERO_SERUM,Domestic_Retail,252,0,0.0
4,GlowLab,GL_HERO_SERUM,Japan_Offline,357,1,0.615
4,GlowLab,GL_NEW_AMPOULE,Amazon_US,113,0,0.0
4,GlowLab,GL_NEW_AMPOULE,D2C,193,0,0.0
4,GlowLab,GL_NEW_AMPOULE,Domestic_Retail,136,0,0.0
4,GlowLab,GL_NEW_AMPOULE,Japan_Offline,134,1,0.16
4,PureLeaf,PL_GLOBAL_CREAM,Amazon_US,183,0,0.0
4,PureLeaf,PL_GLOBAL_CREAM,D2C,142,0,0.0
4,PureLeaf,PL_GLOBAL_CREAM,Domestic_Retail,123,0,0.0
4,PureLeaf,PL_GLOBAL_CREAM,Japan_Offline,207,0,0.0
4,PureLeaf,PL_SLOW_MASK,Amazon_US,23,0,0.0
4,PureLeaf,PL_SLOW_MASK,D2C,114,0,0.0
4,PureLeaf,PL_SLOW_MASK,Domestic_Retail,34,0,0.0
4,PureLeaf,PL_SLOW_MASK,Japan_Offline,0,0,0.0
5,AquaMuse,AM_BASIC_TONER,Amazon_US,246,0,0.0
5,AquaMuse,AM_BASIC_TONER,D2C,310,1,0.05
5,AquaMuse,AM_BASIC_TONER,Domestic_Retail,187,0,0.0
5,AquaMuse,AM_BASIC_TONER,Japan_Offline,192,0,0.0
5,AquaMuse,AM_BUNDLE_KIT,Amazon_US,161,1,0.765
5,AquaMuse,AM_BUNDLE_KIT,D2C,162,0,0.0
5,AquaMuse,AM_BUNDLE_KIT,Domestic_Retail,316,1,0.871
5,AquaMuse,AM_BUNDLE_KIT,Japan_Offline,76,0,0.0
5,GlowLab,GL_HERO_SERUM,Amazon_US,387,0,0.0
5,GlowLab,GL_HERO_SERUM,D2C,460,0,0.0
5,GlowLab,GL_HERO_SERUM,Domestic_Retail,505,0,0.0
5,GlowLab,GL_HERO_SERUM,Japan_Offline,457,0,0.0
5,GlowLab,GL_NEW_AMPOULE,Amazon_US,244,0,0.0
5,GlowLab,GL_NEW_AMPOULE,D2C,427,1,0.626
5,GlowLab,GL_NEW_AMPOULE,Domestic_Retail,245,0,0.0
5,GlowLab,GL_NEW_AMPOULE,Japan_Offline,115,0,0.0
5,PureLeaf,PL_GLOBAL_CREAM,Amazon_US,209,0,0.0
5,PureLeaf,PL_GLOBAL_CREAM,D2C,248,0,0.0
5,PureLeaf,PL_GLOBAL_CREAM,Domestic_Retail,130,0,0.0
5,PureLeaf,PL_GLOBAL_CREAM,Japan_Offline,85,0,0.0
5,PureLeaf,PL_SLOW_MASK,Amazon_US,14,0,0.0
5,PureLeaf,PL_SLOW_MASK,D2C,49,0,0.0
5,PureLeaf,PL_SLOW_MASK,Domestic_Retail,131,0,0.0
5,PureLeaf,PL_SLOW_MASK,Japan_Offline,101,0,0.0
6,AquaMuse,AM_BASIC_TONER,Amazon_US,194,0,0.0
6,AquaMuse,AM_BASIC_TONER,D2C,246,0,0.0
6,AquaMuse,AM_BASIC_TONER,Domestic_Retail,262,0,0.0
6,AquaMuse,AM_BASIC_TONER,Japan_Offline,178,0,0.0
6,AquaMuse,AM_BUNDLE_KIT,Amazon_US,121,0,0.0
6,AquaMuse,AM_BUNDLE_KIT,D2C,162,0,0.0
6,AquaMuse,AM_BUNDLE_KIT,Domestic_Retail,284,1,0.87
6,AquaMuse,AM_BUNDLE_KIT,Japan_Offline,79,0,0.0
6,GlowLab,GL_HERO_SERUM,Amazon_US,376,1,0.466
6,GlowLab,GL_HERO_SERUM,D2C,633,1,0.512
6,GlowLab,GL_HERO_SERUM,Domestic_Retail,387,0,0.0
6,GlowLab,GL_HERO_SERUM,Japan_Offline,373,0,0.0
6,GlowLab,GL_NEW_AMPOULE,Amazon_US,98,0,0.0
6,GlowLab,GL_NEW_AMPOULE,D2C,149,1,0.336
6,GlowLab,GL_NEW_AMPOULE,Domestic_Retail,362,1,0.364
6,GlowLab,GL_NEW_AMPOULE,Japan_Offline,197,1,0.598
6,PureLeaf,PL_GLOBAL_CREAM,Amazon_US,128,0,0.0
6,PureLeaf,PL_GLOBAL_CREAM,D2C,117,0,0.0
6,PureLeaf,PL_GLOBAL_CREAM,Domestic_Retail,168,0,0.0
6,PureLeaf,PL_GLOBAL_CREAM,Japan_Offline,117,0,0.0
6,PureLeaf,PL_SLOW_MASK,Amazon_US,28,0,0.0
6,PureLeaf,PL_SLOW_MASK,D2C,13,0,0.0
6,PureLeaf,PL_SLOW_MASK,Domestic_Retail,0,0,0.0
6,PureLeaf,PL_SLOW_MASK,Japan_Offline,0,0,0.0
7,AquaMuse,AM_BASIC_TONER,Amazon_US,200,0,0.0
7,AquaMuse,AM_BASIC_TONER,D2C,273,0,0.0
7,AquaMuse,AM_BASIC_TONER,Domestic_Retail,315,1,0.262
7,AquaMuse,AM_BASIC_TONER,Japan_Offline,148,0,0.0
7,AquaMuse,AM_BUNDLE_KIT,Amazon_US,65,0,0.0
7,AquaMuse,AM_BUNDLE_KIT,D2C,199,0,0.0
7,AquaMuse,AM_BUNDLE_KIT,Domestic_Retail,125,0,0.0
7,AquaMuse,AM_BUNDLE_KIT,Japan_Offline,55,0,0.0
7,GlowLab,GL_HERO_SERUM,Amazon_US,113,0,0.0
7,GlowLab,GL_HERO_SERUM,D2C,208,0,0.0
7,GlowLab,GL_HERO_SERUM,Domestic_Retail,369,0,0.0
7,GlowLab,GL_HERO_SERUM,Japan_Offline,181,0,0.0
7,GlowLab,GL_NEW_AMPOULE,Amazon_US,98,0,0.0
7,GlowLab,GL_NEW_AMPOULE,D2C,85,0,0.0
7,GlowLab,GL_NEW_AMPOULE,Domestic_Retail,236,1,0.522
7,GlowLab,GL_NEW_AMPOULE,Japan_Offline,62,0,0.0
7,PureLeaf,PL_GLOBAL_CREAM,Amazon_US,177,0,0.0
7,PureLeaf,PL_GLOBAL_CREAM,D2C,125,0,0.0
7,PureLeaf,PL_GLOBAL_CREAM,Domestic_Retail,163,0,0.0
7,PureLeaf,PL_GLOBAL_CREAM,Japan_Offline,150,0,0.0
7,PureLeaf,PL_SLOW_MASK,Amazon_US,0,0,0.0
7,PureLeaf,PL_SLOW_MASK,D2C,0,0,0.0
7,PureLeaf,PL_SLOW_MASK,Domestic_Retail,0,0,0.0
7,PureLeaf,PL_SLOW_MASK,Japan_Offline,13,0,0.0
8,AquaMuse,AM_BASIC_TONER,Amazon_US,402,1,0.58
8,AquaMuse,AM_BASIC_TONER,D2C,285,0,0.0
8,AquaMuse,AM_BASIC_TONER,Domestic_Retail,151,0,0.0
8,AquaMuse,AM_BASIC_TONER,Japan_Offline,167,1,0.124
8,AquaMuse,AM_BUNDLE_KIT,Amazon_US,191,1,0.461
8,AquaMuse,AM_BUNDLE_KIT,D2C,666,1,0.381
8,AquaMuse,AM_BUNDLE_KIT,Domestic_Retail,119,0,0.0
8,AquaMuse,AM_BUNDLE_KIT,Japan_Offline,298,1,0.669
8,GlowLab,GL_HERO_SERUM,Amazon_US,181,0,0.0
8,GlowLab,GL_HERO_SERUM,D2C,233,0,0.0
8,GlowLab,GL_HERO_SERUM,Domestic_Retail,251,0,0.0
8,GlowLab,GL_HERO_SERUM,Japan_Offline,180,0,0.0
8,GlowLab,GL_NEW_AMPOULE,Amazon_US,76,1,0.284
8,GlowLab,GL_NEW_AMPOULE,D2C,129,0,0.0
8,GlowLab,GL_NEW_AMPOULE,Domestic_Retail,84,0,0.0
8,GlowLab,GL_NEW_AMPOULE,Japan_Offline,167,0,0.0
8,PureLeaf,PL_GLOBAL_CREAM,Amazon_US,133,0,0.0
8,PureLeaf,PL_GLOBAL_CREAM,D2C,320,0,0.0
8,PureLeaf,PL_GLOBAL_CREAM,Domestic_Retail,178,0,0.0
8,PureLeaf,PL_GLOBAL_CREAM,Japan_Offline,83,0,0.0
8,PureLeaf,PL_SLOW_MASK,Amazon_US,15,0,0.0
8,PureLeaf,PL_SLOW_MASK,D2C,100,0,0.0
8,PureLeaf,PL_SLOW_MASK,Domestic_Retail,29,0,0.0
8,PureLeaf,PL_SLOW_MASK,Japan_Offline,0,0,0.0
9,AquaMuse,AM_BASIC_TONER,Amazon_US,211,1,0.05
9,AquaMuse,AM_BASIC_TONER,D2C,200,0,0.0
9,AquaMuse,AM_BASIC_TONER,Domestic_Retail,313,1,0.43
9,AquaMuse,AM_BASIC_TONER,Japan_Offline,153,0,0.0
9,AquaMuse,AM_BUNDLE_KIT,Amazon_US,52,0,0.0
9,AquaMuse,AM_BUNDLE_KIT,D2C,82,0,0.0
9,AquaMuse,AM_BUNDLE_KIT,Domestic_Retail,169,1,1.033
9,AquaMuse,AM_BUNDLE_KIT,Japan_Offline,81,0,0.0
9,GlowLab,GL_HERO_SERUM,Amazon_US,334,1,0.239
9,GlowLab,GL_HERO_SERUM,D2C,522,0,0.0
9,GlowLab,GL_HERO_SERUM,Domestic_Retail,334,0,0.0
9,GlowLab,GL_HERO_SERUM,Japan_Offline,201,0,0.0
9,GlowLab,GL_NEW_AMPOULE,Amazon_US,185,0,0.0
9,GlowLab,GL_NEW_AMPOULE,D2C,244,0,0.0
9,GlowLab,GL_NEW_AMPOULE,Domestic_Retail,508,1,0.889
9,GlowLab,GL_NEW_AMPOULE,Japan_Offline,155,0,0.0
9,PureLeaf,PL_GLOBAL_CREAM,Amazon_US,209,1,0.456
9,PureLeaf,PL_GLOBAL_CREAM,D2C,93,0,0.0
9,PureLeaf,PL_GLOBAL_CREAM,Domestic_Retail,121,1,0.531
9,PureLeaf,PL_GLOBAL_CREAM,Japan_Offline,67,0,0.0
9,PureLeaf,PL_SLOW_MASK,Amazon_US,0,1,0.119
9,PureLeaf,PL_SLOW_MASK,D2C,0,0,0.0
9,PureLeaf,PL_SLOW_MASK,Domestic_Retail,14,0,0.0
9,PureLeaf,PL_SLOW_MASK,Japan_Offline,0,0,0.0
10,AquaMuse,AM_BASIC_TONER,Amazon_US,223,0,0.0
10,AquaMuse,AM_BASIC_TONER,D2C,215,0,0.0
10,AquaMuse,AM_BASIC_TONER,Domestic_Retail,215,1,0.175
10,AquaMuse,AM_BASIC_TONER,Japan_Offline,89,0,0.0
10,AquaMuse,AM_BUNDLE_KIT,Amazon_US,71,0,0.0
10,AquaMuse,AM_BUNDLE_KIT,D2C,179,0,0.0
10,AquaMuse,AM_BUNDLE_KIT,Domestic_Retail,199,0,0.0
10,AquaMuse,AM_BUNDLE_KIT,Japan_Offline,53,0,0.0
10,GlowLab,GL_HERO_SERUM,Amazon_US,345,0,0.0
10,GlowLab,GL_HERO_SERUM,D2C,523,1,0.698
10,GlowLab,GL_HERO_SERUM,Domestic_Retail,441,0,0.0
10,GlowLab,GL_HERO_SERUM,Japan_Offline,412,0,0.0
10,GlowLab,GL_NEW_AMPOULE,Amazon_US,234,1,0.05
10,GlowLab,GL_NEW_AMPOULE,D2C,132,0,0.0
10,GlowLab,GL_NEW_AMPOULE,Domestic_Retail,357,1,0.574
10,GlowLab,GL_NEW_AMPOULE,Japan_Offline,85,0,0.0
10,PureLeaf,PL_GLOBAL_CREAM,Amazon_US,208,0,0.0
10,PureLeaf,PL_GLOBAL_CREAM,D2C,149,0,0.0
10,PureLeaf,PL_GLOBAL_CREAM,Domestic_Retail,173,0,0.0
10,PureLeaf,PL_GLOBAL_CREAM,Japan_Offline,112,0,0.0
10,PureLeaf,PL_SLOW_MASK,Amazon_US,0,1,0.584
10,PureLeaf,PL_SLOW_MASK,D2C,73,0,0.0
10,PureLeaf,PL_SLOW_MASK,Domestic_Retail,51,0,0.0
10,PureLeaf,PL_SLOW_MASK,Japan_Offline,9,0,0.0
11,AquaMuse,AM_BASIC_TONER,Amazon_US,170,0,0.0
11,AquaMuse,AM_BASIC_TONER,D2C,216,0,0.0
11,AquaMuse,AM_BASIC_TONER,Domestic_Retail,150,0,0.0
11,AquaMuse,AM_BASIC_TONER,Japan_Offline,185,0,0.0
11,AquaMuse,AM_BUNDLE_KIT,Amazon_US,48,0,0.0
11,AquaMuse,AM_BUNDLE_KIT,D2C,98,0,0.0
11,AquaMuse,AM_BUNDLE_KIT,Domestic_Retail,251,1,0.752
11,AquaMuse,AM_BUNDLE_KIT,Japan_Offline,101,1,0.674
11,GlowLab,GL_HERO_SERUM,Amazon_US,741,1,0.462
11,GlowLab,GL_HERO_SERUM,D2C,491,0,0.0
11,GlowLab,GL_HERO_SERUM,Domestic_Retail,528,0,0.0
11,GlowLab,GL_HERO_SERUM,Japan_Offline,368,1,0.787
11,GlowLab,GL_NEW_AMPOULE,Amazon_US,206,0,0.0
11,GlowLab,GL_NEW_AMPOULE,D2C,196,0,0.0
11,GlowLab,GL_NEW_AMPOULE,Domestic_Retail,502,0,0.0
11,GlowLab,GL_NEW_AMPOULE,Japan_Offline,84,0,0.0
11,PureLeaf,PL_GLOBAL_CREAM,Amazon_US,154,0,0.0
11,PureLeaf,PL_GLOBAL_CREAM,D2C,208,0,0.0
11,PureLeaf,PL_GLOBAL_CREAM,Domestic_Retail,157,0,0.0
11,PureLeaf,PL_GLOBAL_CREAM,Japan_Offline,112,0,0.0
11,PureLeaf,PL_SLOW_MASK,Amazon_US,0,0,0.0
11,PureLeaf,PL_SLOW_MASK,D2C,21,0,0.0
11,PureLeaf,PL_SLOW_MASK,Domestic_Retail,35,0,0.0
11,PureLeaf,PL_SLOW_MASK,Japan_Offline,18,0,0.0
12,AquaMuse,AM_BASIC_TONER,Amazon_US,206,0,0.0
12,AquaMuse,AM_BASIC_TONER,D2C,235,0,0.0
12,AquaMuse,AM_BASIC_TONER,Domestic_Retail,223,0,0.0
12,AquaMuse,AM_BASIC_TONER,Japan_Offline,103,0,0.0
12,AquaMuse,AM_BUNDLE_KIT,Amazon_US,89,0,0.0
12,AquaMuse,AM_BUNDLE_KIT,D2C,160,0,0.0
12,AquaMuse,AM_BUNDLE_KIT,Domestic_Retail,96,0,0.0
12,AquaMuse,AM_BUNDLE_KIT,Japan_Offline,148,1,0.543
12,GlowLab,GL_HERO_SERUM,Amazon_US,458,0,0.0
12,GlowLab,GL_HERO_SERUM,D2C,515,0,0.0
12,GlowLab,GL_HERO_SERUM,Domestic_Retail,451,0,0.0
12,GlowLab,GL_HERO_SERUM,Japan_Offline,211,0,0.0
12,GlowLab,GL_NEW_AMPOULE,Amazon_US,169,0,0.0
12,GlowLab,GL_NEW_AMPOULE,D2C,111,1,0.204
12,GlowLab,GL_NEW_AMPOULE,Domestic_Retail,153,0,0.0
12,GlowLab,GL_NEW_AMPOULE,Japan_Offline,204,1,0.441
12,PureLeaf,PL_GLOBAL_CREAM,Amazon_US,161,0,0.0
12,PureLeaf,PL_GLOBAL_CREAM,D2C,230,0,0.0
12,PureLeaf,PL_GLOBAL_CREAM,Domestic_Retail,248,0,0.0
12,PureLeaf,PL_GLOBAL_CREAM,Japan_Offline,123,0,0.0
12,PureLeaf,PL_SLOW_MASK,Amazon_US,18,0,0.0
12,PureLeaf,PL_SLOW_MASK,D2C,0,0,0.0
12,PureLeaf,PL_SLOW_MASK,Domestic_Retail,0,1,0.516
12,PureLeaf,PL_SLOW_MASK,Japan_Offline,1,0,0.0
13,AquaMuse,AM_BASIC_TONER,Amazon_US,184,1,0.087
13,AquaMuse,AM_BASIC_TONER,D2C,272,0,0.0
13,AquaMuse,AM_BASIC_TONER,Domestic_Retail,280,0,0.0
13,AquaMuse,AM_BASIC_TONER,Japan_Offline,225,1,0.245
13,AquaMuse,AM_BUNDLE_KIT,Amazon_US,90,0,0.0
13,AquaMuse,AM_BUNDLE_KIT,D2C,109,0,0.0
13,AquaMuse,AM_BUNDLE_KIT,Domestic_Retail,87,0,0.0
13,AquaMuse,AM_BUNDLE_KIT,Japan_Offline,69,1,0.757
13,GlowLab,GL_HERO_SERUM,Amazon_US,522,0,0.0
13,GlowLab,GL_HERO_SERUM,D2C,616,0,0.0
13,GlowLab,GL_HERO_SERUM,Domestic_Retail,532,0,0.0
13,GlowLab,GL_HERO_SERUM,Japan_Offline,336,0,0.0
13,GlowLab,GL_NEW_AMPOULE,Amazon_US,180,0,0.0
13,GlowLab,GL_NEW_AMPOULE,D2C,291,0,0.0
13,GlowLab,GL_NEW_AMPOULE,Domestic_Retail,162,0,0.0
13,GlowLab,GL_NEW_AMPOULE,Japan_Offline,170,1,0.138
13,PureLeaf,PL_GLOBAL_CREAM,Amazon_US,122,0,0.0
13,PureLeaf,PL_GLOBAL_CREAM,D2C,180,0,0.0
13,PureLeaf,PL_GLOBAL_CREAM,Domestic_Retail,138,0,0.0
13,PureLeaf,PL_GLOBAL_CREAM,Japan_Offline,106,0,0.0
13,PureLeaf,PL_SLOW_MASK,Amazon_US,23,0,0.0
13,PureLeaf,PL_SLOW_MASK,D2C,22,0,0.0
13,PureLeaf,PL_SLOW_MASK,Domestic_Retail,35,1,0.472
13,PureLeaf,PL_SLOW_MASK,Japan_Offline,19,0,0.0
14,AquaMuse,AM_BASIC_TONER,Amazon_US,160,0,0.0
14,AquaMuse,AM_BASIC_TONER,D2C,178,0,0.0
14,AquaMuse,AM_BASIC_TONER,Domestic_Retail,300,1,0.563
14,AquaMuse,AM_BASIC_TONER,Japan_Offline,85,0,0.0
14,AquaMuse,AM_BUNDLE_KIT,Amazon_US,113,0,0.0
14,AquaMuse,AM_BUNDLE_KIT,D2C,160,0,0.0
14,AquaMuse,AM_BUNDLE_KIT,Domestic_Retail,135,0,0.0
14,AquaMuse,AM_BUNDLE_KIT,Japan_Offline,168,0,0.0
14,GlowLab,GL_HERO_SERUM,Amazon_US,349,0,0.0
14,GlowLab,GL_HERO_SERUM,D2C,532,0,0.0
14,GlowLab,GL_HERO_SERUM,Domestic_Retail,481,0,0.0
14,GlowLab,GL_HERO_SERUM,Japan_Offline,284,0,0.0
14,GlowLab,GL_NEW_AMPOULE,Amazon_US,171,0,0.0
14,GlowLab,GL_NEW_AMPOULE,D2C,247,0,0.0
14,GlowLab,GL_NEW_AMPOULE,Domestic_Retail,171,1,0.41
14,GlowLab,GL_NEW_AMPOULE,Japan_Offline,103,0,0.0
14,PureLeaf,PL_GLOBAL_CREAM,Amazon_US,216,1,0.281
14,PureLeaf,PL_GLOBAL_CREAM,D2C,283,1,0.265
14,PureLeaf,PL_GLOBAL_CREAM,Domestic_Retail,184,1,0.431
14,PureLeaf,PL_GLOBAL_CREAM,Japan_Offline,136,1,0.05
14,PureLeaf,PL_SLOW_MASK,Amazon_US,27,0,0.0
14,PureLeaf,PL_SLOW_MASK,D2C,0,0,0.0
14,PureLeaf,PL_SLOW_MASK,Domestic_Retail,80,0,0.0
14,PureLeaf,PL_SLOW_MASK,Japan_Offline,24,0,0.0
15,AquaMuse,AM_BASIC_TONER,Amazon_US,199,0,0.0
15,AquaMuse,AM_BASIC_TONER,D2C,265,0,0.0
15,AquaMuse,AM_BASIC_TONER,Domestic_Retail,196,0,0.0
15,AquaMuse,AM_BASIC_TONER,Japan_Offline,155,0,0.0
15,AquaMuse,AM_BUNDLE_KIT,Amazon_US,199,0,0.0
15,AquaMuse,AM_BUNDLE_KIT,D2C,205,1,0.482
15,AquaMuse,AM_BUNDLE_KIT,Domestic_Retail,121,1,1.068
15,AquaMuse,AM_BUNDLE_KIT,Japan_Offline,58,0,0.0
15,GlowLab,GL_HERO_SERUM,Amazon_US,211,0,0.0
15,GlowLab,GL_HERO_SERUM,D2C,425,0,0.0
15,GlowLab,GL_HERO_SERUM,Domestic_Retail,354,1,0.565
15,GlowLab,GL_HERO_SERUM,Japan_Offline,357,0,0.0
15,GlowLab,GL_NEW_AMPOULE,Amazon_US,110,0,0.0
15,GlowLab,GL_NEW_AMPOULE,D2C,223,0,0.0
15,GlowLab,GL_NEW_AMPOULE,Domestic_Retail,194,0,0.0
15,GlowLab,GL_NEW_AMPOULE,Japan_Offline,145,0,0.0
15,PureLeaf,PL_GLOBAL_CREAM,Amazon_US,265,1,0.741
15,PureLeaf,PL_GLOBAL_CREAM,D2C,162,0,0.0
15,PureLeaf,PL_GLOBAL_CREAM,Domestic_Retail,276,1,0.313
15,PureLeaf,PL_GLOBAL_CREAM,Japan_Offline,186,0,0.0
15,PureLeaf,PL_SLOW_MASK,Amazon_US,10,0,0.0
15,PureLeaf,PL_SLOW_MASK,D2C,0,0,0.0
15,PureLeaf,PL_SLOW_MASK,Domestic_Retail,0,0,0.0
15,PureLeaf,PL_SLOW_MASK,Japan_Offline,40,0,0.0
16,AquaMuse,AM_BASIC_TONER,Amazon_US,204,0,0.0
16,AquaMuse,AM_BASIC_TONER,D2C,197,0,0.0
16,AquaMuse,AM_BASIC_TONER,Domestic_Retail,209,0,0.0
16,AquaMuse,AM_BASIC_TONER,Japan_Offline,181,0,0.0
16,AquaMuse,AM_BUNDLE_KIT,Amazon_US,107,0,0.0
16,AquaMuse,AM_BUNDLE_KIT,D2C,225,1,0.556
16,AquaMuse,AM_BUNDLE_KIT,Domestic_Retail,64,0,0.0
16,AquaMuse,AM_BUNDLE_KIT,Japan_Offline,146,0,0.0
16,GlowLab,GL_HERO_SERUM,Amazon_US,438,0,0.0
16,GlowLab,GL_HERO_SERUM,D2C,876,0,0.0
16,GlowLab,GL_HERO_SERUM,Domestic_Retail,732,0,0.0
16,GlowLab,GL_HERO_SERUM,Japan_Offline,303,0,0.0
16,GlowLab,GL_NEW_AMPOULE,Amazon_US,229,1,0.273
16,GlowLab,GL_NEW_AMPOULE,D2C,401,0,0.0
16,GlowLab,GL_NEW_AMPOULE,Domestic_Retail,166,0,0.0
16,GlowLab,GL_NEW_AMPOULE,Japan_Offline,137,0,0.0
16,PureLeaf,PL_GLOBAL_CREAM,Amazon_US,112,0,0.0
16,PureLeaf,PL_GLOBAL_CREAM,D2C,135,0,0.0
16,PureLeaf,PL_GLOBAL_CREAM,Domestic_Retail,226,0,0.0
16,PureLeaf,PL_GLOBAL_CREAM,Japan_Offline,95,0,0.0
16,PureLeaf,PL_SLOW_MASK,Amazon_US,0,1,0.552
16,PureLeaf,PL_SLOW_MASK,D2C,66,0,0.0
16,PureLeaf,PL_SLOW_MASK,Domestic_Retail,129,1,0.621
16,PureLeaf,PL_SLOW_MASK,Japan_Offline,16,0,0.0
17,AquaMuse,AM_BASIC_TONER,Amazon_US,168,0,0.0
17,AquaMuse,AM_BASIC_TONER,D2C,330,0,0.0
17,AquaMuse,AM_BASIC_TONER,Domestic_Retail,274,0,0.0
17,AquaMuse,AM_BASIC_TONER,Japan_Offline,180,1,0.175
17,AquaMuse,AM_BUNDLE_KIT,Amazon_US,76,0,0.0
17,AquaMuse,AM_BUNDLE_KIT,D2C,321,0,0.0
17,AquaMuse,AM_BUNDLE_KIT,Domestic_Retail,268,1,0.847
17,AquaMuse,AM_BUNDLE_KIT,Japan_Offline,66,0,0.0
17,GlowLab,GL_HERO_SERUM,Amazon_US,502,1,0.192
17,GlowLab,GL_HERO_SERUM,D2C,605,0,0.0
17,GlowLab,GL_HERO_SERUM,Domestic_Retail,621,0,0.0
17,GlowLab,GL_HERO_SERUM,Japan_Offline,393,0,0.0
17,GlowLab,GL_NEW_AMPOULE,Amazon_US,208,0,0.0
17,GlowLab,GL_NEW_AMPOULE,D2C,661,1,0.478
17,GlowLab,GL_NEW_AMPOULE,Domestic_Retail,194,0,0.0
17,GlowLab,GL_NEW_AMPOULE,Japan_Offline,329,1,0.228
17,PureLeaf,PL_GLOBAL_CREAM,Amazon_US,168,1,0.396
17,PureLeaf,PL_GLOBAL_CREAM,D2C,253,1,0.554
17,PureLeaf,PL_GLOBAL_CREAM,Domestic_Retail,116,0,0.0
17,PureLeaf,PL_GLOBAL_CREAM,Japan_Offline,156,0,0.0
17,PureLeaf,PL_SLOW_MASK,Amazon_US,0,0,0.0
17,PureLeaf,PL_SLOW_MASK,D2C,0,1,0.361
17,PureLeaf,PL_SLOW_MASK,Domestic_Retail,73,0,0.0
17,PureLeaf,PL_SLOW_MASK,Japan_Offline,0,0,0.0
18,AquaMuse,AM_BASIC_TONER,Amazon_US,219,0,0.0
18,AquaMuse,AM_BASIC_TONER,D2C,439,0,0.0
18,AquaMuse,AM_BASIC_TONER,Domestic_Retail,324,0,0.0
18,AquaMuse,AM_BASIC_TONER,Japan_Offline,115,0,0.0
18,AquaMuse,AM_BUNDLE_KIT,Amazon_US,108,1,0.933
18,AquaMuse,AM_BUNDLE_KIT,D2C,230,0,0.0
18,AquaMuse,AM_BUNDLE_KIT,Domestic_Retail,89,0,0.0
18,AquaMuse,AM_BUNDLE_KIT,Japan_Offline,33,0,0.0
18,GlowLab,GL_HERO_SERUM,Amazon_US,295,0,0.0
18,GlowLab,GL_HERO_SERUM,D2C,639,0,0.0
18,GlowLab,GL_HERO_SERUM,Domestic_Retail,551,0,0.0
18,GlowLab,GL_HERO_SERUM,Japan_Offline,439,1,0.709
18,GlowLab,GL_NEW_AMPOULE,Amazon_US,137,0,0.0
18,GlowLab,GL_NEW_AMPOULE,D2C,255,0,0.0
18,GlowLab,GL_NEW_AMPOULE,Domestic_Retail,230,0,0.0
18,GlowLab,GL_NEW_AMPOULE,Japan_Offline,211,1,0.311
18,PureLeaf,PL_GLOBAL_CREAM,Amazon_US,206,0,0.0
18,PureLeaf,PL_GLOBAL_CREAM,D2C,271,0,0.0
18,PureLeaf,PL_GLOBAL_CREAM,Domestic_Retail,298,0,0.0
18,PureLeaf,PL_GLOBAL_CREAM,Japan_Offline,200,0,0.0
18,PureLeaf,PL_SLOW_MASK,Amazon_US,0,0,0.0
18,PureLeaf,PL_SLOW_MASK,D2C,26,0,0.0
18,PureLeaf,PL_SLOW_MASK,Domestic_Retail,4,0,0.0
18,PureLeaf,PL_SLOW_MASK,Japan_Offline,29,0,0.0
19,AquaMuse,AM_BASIC_TONER,Amazon_US,153,0,0.0
19,AquaMuse,AM_BASIC_TONER,D2C,285,0,0.0
19,AquaMuse,AM_BASIC_TONER,Domestic_Retail,218,1,0.233
19,AquaMuse,AM_BASIC_TONER,Japan_Offline,117,0,0.0
19,AquaMuse,AM_BUNDLE_KIT,Amazon_US,84,0,0.0
19,AquaMuse,AM_BUNDLE_KIT,D2C,327,0,0.0
19,AquaMuse,AM_BUNDLE_KIT,Domestic_Retail,202,1,0.901
19,AquaMuse,AM_BUNDLE_KIT,Japan_Offline,47,0,0.0
19,GlowLab,GL_HERO_SERUM,Amazon_US,385,0,0.0
19,GlowLab,GL_HERO_SERUM,D2C,635,0,0.0
19,GlowLab,GL_HERO_SERUM,Domestic_Retail,472,0,0.0
19,GlowLab,GL_HERO_SERUM,Japan_Offline,233,0,0.0
19,GlowLab,GL_NEW_AMPOULE,Amazon_US,93,0,0.0
19,GlowLab,GL_NEW_AMPOULE,D2C,207,0,0.0
19,GlowLab,GL_NEW_AMPOULE,Domestic_Retail,219,0,0.0
19,GlowLab,GL_NEW_AMPOULE,Japan_Offline,195,1,0.459
19,PureLeaf,PL_GLOBAL_CREAM,Amazon_US,146,0,0.0
19,PureLeaf,PL_GLOBAL_CREAM,D2C,307,0,0.0
19,PureLeaf,PL_GLOBAL_CREAM,Domestic_Retail,134,0,0.0
19,PureLeaf,PL_GLOBAL_CREAM,Japan_Offline,189,0,0.0
19,PureLeaf,PL_SLOW_MASK,Amazon_US,0,0,0.0
19,PureLeaf,PL_SLOW_MASK,D2C,13,0,0.0
19,PureLeaf,PL_SLOW_MASK,Domestic_Retail,48,0,0.0
19,PureLeaf,PL_SLOW_MASK,Japan_Offline,15,0,0.0
20,AquaMuse,AM_BASIC_TONER,Amazon_US,199,0,0.0
20,AquaMuse,AM_BASIC_TONER,D2C,274,0,0.0
20,AquaMuse,AM_BASIC_TONER,Domestic_Retail,166,1,0.111
20,AquaMuse,AM_BASIC_TONER,Japan_Offline,132,0,0.0
20,AquaMuse,AM_BUNDLE_KIT,Amazon_US,110,0,0.0
20,AquaMuse,AM_BUNDLE_KIT,D2C,120,1,0.798
20,AquaMuse,AM_BUNDLE_KIT,Domestic_Retail,86,0,0.0
20,AquaMuse,AM_BUNDLE_KIT,Japan_Offline,39,0,0.0
20,GlowLab,GL_HERO_SERUM,Amazon_US,409,0,0.0
20,GlowLab,GL_HERO_SERUM,D2C,573,0,0.0
20,GlowLab,GL_HERO_SERUM,Domestic_Retail,459,0,0.0
20,GlowLab,GL_HERO_SERUM,Japan_Offline,487,1,0.502
20,GlowLab,GL_NEW_AMPOULE,Amazon_US,112,0,0.0
20,GlowLab,GL_NEW_AMPOULE,D2C,192,0,0.0
20,GlowLab,GL_NEW_AMPOULE,Domestic_Retail,122,1,0.283
20,GlowLab,GL_NEW_AMPOULE,Japan_Offline,100,0,0.0
20,PureLeaf,PL_GLOBAL_CREAM,Amazon_US,231,0,0.0
20,PureLeaf,PL_GLOBAL_CREAM,D2C,175,0,0.0
20,PureLeaf,PL_GLOBAL_CREAM,Domestic_Retail,99,0,0.0
20,PureLeaf,PL_GLOBAL_CREAM,Japan_Offline,205,0,0.0
20,PureLeaf,PL_SLOW_MASK,Amazon_US,73,0,0.0
20,PureLeaf,PL_SLOW_MASK,D2C,91,0,0.0
20,PureLeaf,PL_SLOW_MASK,Domestic_Retail,0,0,0.0
20,PureLeaf,PL_SLOW_MASK,Japan_Offline,0,0,0.0
21,AquaMuse,AM_BASIC_TONER,Amazon_US,171,0,0.0
21,AquaMuse,AM_BASIC_TONER,D2C,229,1,0.05
21,AquaMuse,AM_BASIC_TONER,Domestic_Retail,428,1,0.398
21,AquaMuse,AM_BASIC_TONER,Japan_Offline,143,0,0.0
21,AquaMuse,AM_BUNDLE_KIT,Amazon_US,218,1,0.548
21,AquaMuse,AM_BUNDLE_KIT,D2C,143,0,0.0
21,AquaMuse,AM_BUNDLE_KIT,Domestic_Retail,131,0,0.0
21,AquaMuse,AM_BUNDLE_KIT,Japan_Offline,62,0,0.0
21,GlowLab,GL_HERO_SERUM,Amazon_US,474,0,0.0
21,GlowLab,GL_HERO_SERUM,D2C,630,0,0.0
21,GlowLab,GL_HERO_SERUM,Domestic_Retail,308,0,0.0
21,GlowLab,GL_HERO_SERUM,Japan_Offline,223,0,0.0
21,GlowLab,GL_NEW_AMPOULE,Amazon_US,102,0,0.0
21,GlowLab,GL_NEW_AMPOULE,D2C,462,1,0.4
21,GlowLab,GL_NEW_AMPOULE,Domestic_Retail,203,0,0.0
21,GlowLab,GL_NEW_AMPOULE,Japan_Offline,113,0,0.0
21,PureLeaf,PL_GLOBAL_CREAM,Amazon_US,104,0,0.0
21,PureLeaf,PL_GLOBAL_CREAM,D2C,174,0,0.0
21,PureLeaf,PL_GLOBAL_CREAM,Domestic_Retail,112,1,0.117
21,PureLeaf,PL_GLOBAL_CREAM,Japan_Offline,46,0,0.0
21,PureLeaf,PL_SLOW_MASK,Amazon_US,33,0,0.0
21,PureLeaf,PL_SLOW_MASK,D2C,0,0,0.0
21,PureLeaf,PL_SLOW_MASK,Domestic_Retail,0,0,0.0
21,PureLeaf,PL_SLOW_MASK,Japan_Offline,9,0,0.0
22,AquaMuse,AM_BASIC_TONER,Amazon_US,218,0,0.0
22,AquaMuse,AM_BASIC_TONER,D2C,254,0,0.0
22,AquaMuse,AM_BASIC_TONER,Domestic_Retail,222,0,0.0
22,AquaMuse,AM_BASIC_TONER,Japan_Offline,140,0,0.0
22,AquaMuse,AM_BUNDLE_KIT,Amazon_US,147,1,0.629
22,AquaMuse,AM_BUNDLE_KIT,D2C,451,1,0.729
22,AquaMuse,AM_BUNDLE_KIT,Domestic_Retail,110,0,0.0
22,AquaMuse,AM_BUNDLE_KIT,Japan_Offline,66,0,0.0
22,GlowLab,GL_HERO_SERUM,Amazon_US,577,1,0.621
22,GlowLab,GL_HERO_SERUM,D2C,387,0,0.0
22,GlowLab,GL_HERO_SERUM,Domestic_Retail,473,1,0.482
22,GlowLab,GL_HERO_SERUM,Japan_Offline,337,0,0.0
22,GlowLab,GL_NEW_AMPOULE,Amazon_US,90,0,0.0
22,GlowLab,GL_NEW_AMPOULE,D2C,162,0,0.0
22,GlowLab,GL_NEW_AMPOULE,Domestic_Retail,85,0,0.0
22,GlowLab,GL_NEW_AMPOULE,Japan_Offline,123,0,0.0
22,PureLeaf,PL_GLOBAL_CREAM,Amazon_US,137,0,0.0
22,PureLeaf,PL_GLOBAL_CREAM,D2C,135,0,0.0
22,PureLeaf,PL_GLOBAL_CREAM,Domestic_Retail,388,1,0.447
22,PureLeaf,PL_GLOBAL_CREAM,Japan_Offline,196,0,0.0
22,PureLeaf,PL_SLOW_MASK,Amazon_US,12,0,0.0
22,PureLeaf,PL_SLOW_MASK,D2C,28,0,0.0
22,PureLeaf,PL_SLOW_MASK,Domestic_Retail,0,0,0.0
22,PureLeaf,PL_SLOW_MASK,Japan_Offline,25,0,0.0
23,AquaMuse,AM_BASIC_TONER,Amazon_US,157,1,0.175
23,AquaMuse,AM_BASIC_TONER,D2C,228,0,0.0
23,AquaMuse,AM_BASIC_TONER,Domestic_Retail,305,1,0.239
23,AquaMuse,AM_BASIC_TONER,Japan_Offline,157,0,0.0
23,AquaMuse,AM_BUNDLE_KIT,Amazon_US,107,1,0.986
23,AquaMuse,AM_BUNDLE_KIT,D2C,132,0,0.0
23,AquaMuse,AM_BUNDLE_KIT,Domestic_Retail,139,1,1.156
23,AquaMuse,AM_BUNDLE_KIT,Japan_Offline,81,0,0.0
23,GlowLab,GL_HERO_SERUM,Amazon_US,781,1,0.646
23,GlowLab,GL_HERO_SERUM,D2C,494,0,0.0
23,GlowLab,GL_HERO_SERUM,Domestic_Retail,502,0,0.0
23,GlowLab,GL_HERO_SERUM,Japan_Offline,340,0,0.0
23,GlowLab,GL_NEW_AMPOULE,Amazon_US,159,0,0.0
23,GlowLab,GL_NEW_AMPOULE,D2C,143,0,0.0
23,GlowLab,GL_NEW_AMPOULE,Domestic_Retail,166,0,0.0
23,GlowLab,GL_NEW_AMPOULE,Japan_Offline,111,0,0.0
23,PureLeaf,PL_GLOBAL_CREAM,Amazon_US,268,1,0.452
23,PureLeaf,PL_GLOBAL_CREAM,D2C,133,0,0.0
23,PureLeaf,PL_GLOBAL_CREAM,Domestic_Retail,265,0,0.0
23,PureLeaf,PL_GLOBAL_CREAM,Japan_Offline,146,0,0.0
23,PureLeaf,PL_SLOW_MASK,Amazon_US,0,0,0.0
23,PureLeaf,PL_SLOW_MASK,D2C,35,0,0.0
23,PureLeaf,PL_SLOW_MASK,Domestic_Retail,0,0,0.0
23,PureLeaf,PL_SLOW_MASK,Japan_Offline,17,1,0.135
24,AquaMuse,AM_BASIC_TONER,Amazon_US,226,1,0.564
24,AquaMuse,AM_BASIC_TONER,D2C,272,0,0.0
24,AquaMuse,AM_BASIC_TONER,Domestic_Retail,312,0,0.0
24,AquaMuse,AM_BASIC_TONER,Japan_Offline,153,0,0.0
24,AquaMuse,AM_BUNDLE_KIT,Amazon_US,99,0,0.0
24,AquaMuse,AM_BUNDLE_KIT,D2C,106,0,0.0
24,AquaMuse,AM_BUNDLE_KIT,Domestic_Retail,153,0,0.0
24,AquaMuse,AM_BUNDLE_KIT,Japan_Offline,146,1,0.653
24,GlowLab,GL_HERO_SERUM,Amazon_US,451,0,0.0
24,GlowLab,GL_HERO_SERUM,D2C,2824,1,0.639
24,GlowLab,GL_HERO_SERUM,Domestic_Retail,577,1,0.657
24,GlowLab,GL_HERO_SERUM,Japan_Offline,340,0,0.0
24,GlowLab,GL_NEW_AMPOULE,Amazon_US,228,0,0.0
24,GlowLab,GL_NEW_AMPOULE,D2C,94,0,0.0
24,GlowLab,GL_NEW_AMPOULE,Domestic_Retail,173,0,0.0
24,GlowLab,GL_NEW_AMPOULE,Japan_Offline,121,0,0.0
24,PureLeaf,PL_GLOBAL_CREAM,Amazon_US,213,0,0.0
24,PureLeaf,PL_GLOBAL_CREAM,D2C,226,1,0.195
24,PureLeaf,PL_GLOBAL_CREAM,Domestic_Retail,131,0,0.0
24,PureLeaf,PL_GLOBAL_CREAM,Japan_Offline,155,0,0.0
24,PureLeaf,PL_SLOW_MASK,Amazon_US,0,0,0.0
24,PureLeaf,PL_SLOW_MASK,D2C,0,0,0.0
24,PureLeaf,PL_SLOW_MASK,Domestic_Retail,0,0,0.0
24,PureLeaf,PL_SLOW_MASK,Japan_Offline,15,0,0.0
25,AquaMuse,AM_BASIC_TONER,Amazon_US,390,1,0.348
25,AquaMuse,AM_BASIC_TONER,D2C,330,0,0.0
25,AquaMuse,AM_BASIC_TONER,Domestic_Retail,216,0,0.0
25,AquaMuse,AM_BASIC_TONER,Japan_Offline,151,0,0.0
25,AquaMuse,AM_BUNDLE_KIT,Amazon_US,157,0,0.0
25,AquaMuse,AM_BUNDLE_KIT,D2C,133,0,0.0
25,AquaMuse,AM_BUNDLE_KIT,Domestic_Retail,362,1,0.848
25,AquaMuse,AM_BUNDLE_KIT,Japan_Offline,277,0,0.0
25,GlowLab,GL_HERO_SERUM,Amazon_US,1212,0,0.0
25,GlowLab,GL_HERO_SERUM,D2C,1525,0,0.0
25,GlowLab,GL_HERO_SERUM,Domestic_Retail,369,0,0.0
25,GlowLab,GL_HERO_SERUM,Japan_Offline,297,0,0.0
25,GlowLab,GL_NEW_AMPOULE,Amazon_US,188,0,0.0
25,GlowLab,GL_NEW_AMPOULE,D2C,238,0,0.0
25,GlowLab,GL_NEW_AMPOULE,Domestic_Retail,173,0,0.0
25,GlowLab,GL_NEW_AMPOULE,Japan_Offline,124,0,0.0
25,PureLeaf,PL_GLOBAL_CREAM,Amazon_US,206,1,0.151
25,PureLeaf,PL_GLOBAL_CREAM,D2C,339,0,0.0
25,PureLeaf,PL_GLOBAL_CREAM,Domestic_Retail,159,0,0.0
25,PureLeaf,PL_GLOBAL_CREAM,Japan_Offline,204,0,0.0
25,PureLeaf,PL_SLOW_MASK,Amazon_US,33,0,0.0
25,PureLeaf,PL_SLOW_MASK,D2C,50,0,0.0
25,PureLeaf,PL_SLOW_MASK,Domestic_Retail,79,0,0.0
25,PureLeaf,PL_SLOW_MASK,Japan_Offline,7,0,0.0
26,AquaMuse,AM_BASIC_TONER,Amazon_US,179,0,0.0
26,AquaMuse,AM_BASIC_TONER,D2C,330,0,0.0
26,AquaMuse,AM_BASIC_TONER,Domestic_Retail,312,1,0.451
26,AquaMuse,AM_BASIC_TONER,Japan_Offline,153,0,0.0
26,AquaMuse,AM_BUNDLE_KIT,Amazon_US,318,0,0.0
26,AquaMuse,AM_BUNDLE_KIT,D2C,404,1,1.127
26,AquaMuse,AM_BUNDLE_KIT,Domestic_Retail,186,0,0.0
26,AquaMuse,AM_BUNDLE_KIT,Japan_Offline,111,1,0.775
26,GlowLab,GL_HERO_SERUM,Amazon_US,592,1,0.524
26,GlowLab,GL_HERO_SERUM,D2C,709,0,0.0
26,GlowLab,GL_HERO_SERUM,Domestic_Retail,570,1,0.583
26,GlowLab,GL_HERO_SERUM,Japan_Offline,195,0,0.0
26,GlowLab,GL_NEW_AMPOULE,Amazon_US,105,0,0.0
26,GlowLab,GL_NEW_AMPOULE,D2C,173,0,0.0
26,GlowLab,GL_NEW_AMPOULE,Domestic_Retail,181,0,0.0
26,GlowLab,GL_NEW_AMPOULE,Japan_Offline,87,0,0.0
26,PureLeaf,PL_GLOBAL_CREAM,Amazon_US,235,0,0.0
26,PureLeaf,PL_GLOBAL_CREAM,D2C,313,0,0.0
26,PureLeaf,PL_GLOBAL_CREAM,Domestic_Retail,174,0,0.0
26,PureLeaf,PL_GLOBAL_CREAM,Japan_Offline,163,0,0.0
26,PureLeaf,PL_SLOW_MASK,Amazon_US,19,1,0.21
26,PureLeaf,PL_SLOW_MASK,D2C,0,0,0.0
26,PureLeaf,PL_SLOW_MASK,Domestic_Retail,0,1,0.638
26,PureLeaf,PL_SLOW_MASK,Japan_Offline,0,0,0.0
27,AquaMuse,AM_BASIC_TONER,Amazon_US,345,0,0.0
27,AquaMuse,AM_BASIC_TONER,D2C,251,0,0.0
27,AquaMuse,AM_BASIC_TONER,Domestic_Retail,298,1,0.407
27,AquaMuse,AM_BASIC_TONER,Japan_Offline,137,0,0.0
27,AquaMuse,AM_BUNDLE_KIT,Amazon_US,150,1,0.732
27,AquaMuse,AM_BUNDLE_KIT,D2C,259,0,0.0
27,AquaMuse,AM_BUNDLE_KIT,Domestic_Retail,244,0,0.0
27,AquaMuse,AM_BUNDLE_KIT,Japan_Offline,69,0,0.0
27,GlowLab,GL_HERO_SERUM,Amazon_US,530,1,0.36
27,GlowLab,GL_HERO_SERUM,D2C,1039,1,0.336
27,GlowLab,GL_HERO_SERUM,Domestic_Retail,905,1,0.484
27,GlowLab,GL_HERO_SERUM,Japan_Offline,392,0,0.0
27,GlowLab,GL_NEW_AMPOULE,Amazon_US,138,0,0.0
27,GlowLab,GL_NEW_AMPOULE,D2C,597,1,0.866
27,GlowLab,GL_NEW_AMPOULE,Domestic_Retail,173,0,0.0
27,GlowLab,GL_NEW_AMPOULE,Japan_Offline,155,0,0.0
27,PureLeaf,PL_GLOBAL_CREAM,Amazon_US,237,0,0.0
27,PureLeaf,PL_GLOBAL_CREAM,D2C,230,0,0.0
27,PureLeaf,PL_GLOBAL_CREAM,Domestic_Retail,152,0,0.0
27,PureLeaf,PL_GLOBAL_CREAM,Japan_Offline,154,0,0.0
27,PureLeaf,PL_SLOW_MASK,Amazon_US,0,0,0.0
27,PureLeaf,PL_SLOW_MASK,D2C,43,1,0.193
27,PureLeaf,PL_SLOW_MASK,Domestic_Retail,0,0,0.0
27,PureLeaf,PL_SLOW_MASK,Japan_Offline,5,0,0.0
28,AquaMuse,AM_BASIC_TONER,Amazon_US,172,0,0.0
28,AquaMuse,AM_BASIC_TONER,D2C,295,0,0.0
28,AquaMuse,AM_BASIC_TONER,Domestic_Retail,165,0,0.0
28,AquaMuse,AM_BASIC_TONER,Japan_Offline,98,0,0.0
28,AquaMuse,AM_BUNDLE_KIT,Amazon_US,176,1,0.57
28,AquaMuse,AM_BUNDLE_KIT,D2C,661,1,0.94
28,AquaMuse,AM_BUNDLE_KIT,Domestic_Retail,490,0,0.0
28,AquaMuse,AM_BUNDLE_KIT,Japan_Offline,78,0,0.0
28,GlowLab,GL_HERO_SERUM,Amazon_US,330,0,0.0
28,GlowLab,GL_HERO_SERUM,D2C,820,1,0.523
28,GlowLab,GL_HERO_SERUM,Domestic_Retail,735,1,0.851
28,GlowLab,GL_HERO_SERUM,Japan_Offline,303,0,0.0
28,GlowLab,GL_NEW_AMPOULE,Amazon_US,267,0,0.0
28,GlowLab,GL_NEW_AMPOULE,D2C,270,0,0.0
28,GlowLab,GL_NEW_AMPOULE,Domestic_Retail,216,0,0.0
28,GlowLab,GL_NEW_AMPOULE,Japan_Offline,155,0,0.0
28,PureLeaf,PL_GLOBAL_CREAM,Amazon_US,299,0,0.0
28,PureLeaf,PL_GLOBAL_CREAM,D2C,372,0,0.0
28,PureLeaf,PL_GLOBAL_CREAM,Domestic_Retail,221,0,0.0
28,PureLeaf,PL_GLOBAL_CREAM,Japan_Offline,106,0,0.0
28,PureLeaf,PL_SLOW_MASK,Amazon_US,0,0,0.0
28,PureLeaf,PL_SLOW_MASK,D2C,14,1,0.285
28,PureLeaf,PL_SLOW_MASK,Domestic_Retail,36,0,0.0
28,PureLeaf,PL_SLOW_MASK,Japan_Offline,3,0,0.0
29,AquaMuse,AM_BASIC_TONER,Amazon_US,190,0,0.0
29,AquaMuse,AM_BASIC_TONER,D2C,196,0,0.0
29,AquaMuse,AM_BASIC_TONER,Domestic_Retail,192,1,0.347
29,AquaMuse,AM_BASIC_TONER,Japan_Offline,154,0,0.0
29,AquaMuse,AM_BUNDLE_KIT,Amazon_US,65,0,0.0
29,AquaMuse,AM_BUNDLE_KIT,D2C,200,0,0.0
29,AquaMuse,AM_BUNDLE_KIT,Domestic_Retail,172,1,0.953
29,AquaMuse,AM_BUNDLE_KIT,Japan_Offline,93,0,0.0
29,GlowLab,GL_HERO_SERUM,Amazon_US,549,0,0.0
29,GlowLab,GL_HERO_SERUM,D2C,1161,0,0.0
29,GlowLab,GL_HERO_SERUM,Domestic_Retail,1213,1,0.632
29,GlowLab,GL_HERO_SERUM,Japan_Offline,370,0,0.0
29,GlowLab,GL_NEW_AMPOULE,Amazon_US,440,1,0.626
29,GlowLab,GL_NEW_AMPOULE,D2C,235,1,0.354
29,GlowLab,GL_NEW_AMPOULE,Domestic_Retail,229,0,0.0
29,GlowLab,GL_NEW_AMPOULE,Japan_Offline,118,1,0.506
29,PureLeaf,PL_GLOBAL_CREAM,Amazon_US,404,0,0.0
29,PureLeaf,PL_GLOBAL_CREAM,D2C,361,0,0.0
29,PureLeaf,PL_GLOBAL_CREAM,Domestic_Retail,365,1,0.387
29,PureLeaf,PL_GLOBAL_CREAM,Japan_Offline,209,0,0.0
29,PureLeaf,PL_SLOW_MASK,Amazon_US,35,0,0.0
29,PureLeaf,PL_SLOW_MASK,D2C,66,0,0.0
29,PureLeaf,PL_SLOW_MASK,Domestic_Retail,57,0,0.0
29,PureLeaf,PL_SLOW_MASK,Japan_Offline,5,0,0.0
30,AquaMuse,AM_BASIC_TONER,Amazon_US,249,0,0.0
30,AquaMuse,AM_BASIC_TONER,D2C,317,0,0.0
30,AquaMuse,AM_BASIC_TONER,Domestic_Retail,532,1,0.707
30,AquaMuse,AM_BASIC_TONER,Japan_Offline,169,0,0.0
30,AquaMuse,AM_BUNDLE_KIT,Amazon_US,128,0,0.0
30,AquaMuse,AM_BUNDLE_KIT,D2C,307,1,0.604
30,AquaMuse,AM_BUNDLE_KIT,Domestic_Retail,137,0,0.0
30,AquaMuse,AM_BUNDLE_KIT,Japan_Offline,107,0,0.0
30,GlowLab,GL_HERO_SERUM,Amazon_US,764,1,0.814
30,GlowLab,GL_HERO_SERUM,D2C,771,0,0.0
30,GlowLab,GL_HERO_SERUM,Domestic_Retail,583,0,0.0
30,GlowLab,GL_HERO_SERUM,Japan_Offline,249,0,0.0
30,GlowLab,GL_NEW_AMPOULE,Amazon_US,427,1,0.378
30,GlowLab,GL_NEW_AMPOULE,D2C,218,0,0.0
30,GlowLab,GL_NEW_AMPOULE,Domestic_Retail,105,0,0.0
30,GlowLab,GL_NEW_AMPOULE,Japan_Offline,244,0,0.0
30,PureLeaf,PL_GLOBAL_CREAM,Amazon_US,249,0,0.0
30,PureLeaf,PL_GLOBAL_CREAM,D2C,323,0,0.0
30,PureLeaf,PL_GLOBAL_CREAM,Domestic_Retail,239,0,0.0
30,PureLeaf,PL_GLOBAL_CREAM,Japan_Offline,108,1,0.103
30,PureLeaf,PL_SLOW_MASK,Amazon_US,16,0,0.0
30,PureLeaf,PL_SLOW_MASK,D2C,408,1,0.445
30,PureLeaf,PL_SLOW_MASK,Domestic_Retail,14,1,0.058
30,PureLeaf,PL_SLOW_MASK,Japan_Offline,49,0,0.0
31,AquaMuse,AM_BASIC_TONER,Amazon_US,149,0,0.0
31,AquaMuse,AM_BASIC_TONER,D2C,215,0,0.0
31,AquaMuse,AM_BASIC_TONER,Domestic_Retail,162,0,0.0
31,AquaMuse,AM_BASIC_TONER,Japan_Offline,144,0,0.0
31,AquaMuse,AM_BUNDLE_KIT,Amazon_US,58,0,0.0
31,AquaMuse,AM_BUNDLE_KIT,D2C,197,0,0.0
31,AquaMuse,AM_BUNDLE_KIT,Domestic_Retail,233,1,0.774
31,AquaMuse,AM_BUNDLE_KIT,Japan_Offline,77,0,0.0
31,GlowLab,GL_HERO_SERUM,Amazon_US,317,0,0.0
31,GlowLab,GL_HERO_SERUM,D2C,925,1,0.571
31,GlowLab,GL_HERO_SERUM,Domestic_Retail,610,1,0.768
31,GlowLab,GL_HERO_SERUM,Japan_Offline,136,0,0.0
31,GlowLab,GL_NEW_AMPOULE,Amazon_US,296,0,0.0
31,GlowLab,GL_NEW_AMPOULE,D2C,310,0,0.0
31,GlowLab,GL_NEW_AMPOULE,Domestic_Retail,246,0,0.0
31,GlowLab,GL_NEW_AMPOULE,Japan_Offline,209,1,0.667
31,PureLeaf,PL_GLOBAL_CREAM,Amazon_US,178,0,0.0
31,PureLeaf,PL_GLOBAL_CREAM,D2C,346,0,0.0
31,PureLeaf,PL_GLOBAL_CREAM,Domestic_Retail,203,0,0.0
31,PureLeaf,PL_GLOBAL_CREAM,Japan_Offline,210,0,0.0
31,PureLeaf,PL_SLOW_MASK,Amazon_US,0,1,0.05
31,PureLeaf,PL_SLOW_MASK,D2C,129,1,0.154
31,PureLeaf,PL_SLOW_MASK,Domestic_Retail,0,0,0.0
31,PureLeaf,PL_SLOW_MASK,Japan_Offline,0,0,0.0
32,AquaMuse,AM_BASIC_TONER,Amazon_US,163,0,0.0
32,AquaMuse,AM_BASIC_TONER,D2C,452,1,0.241
32,AquaMuse,AM_BASIC_TONER,Domestic_Retail,168,0,0.0
32,AquaMuse,AM_BASIC_TONER,Japan_Offline,131,0,0.0
32,AquaMuse,AM_BUNDLE_KIT,Amazon_US,131,1,0.746
32,AquaMuse,AM_BUNDLE_KIT,D2C,140,0,0.0
32,AquaMuse,AM_BUNDLE_KIT,Domestic_Retail,249,1,1.074
32,AquaMuse,AM_BUNDLE_KIT,Japan_Offline,83,0,0.0
32,GlowLab,GL_HERO_SERUM,Amazon_US,461,0,0.0
32,GlowLab,GL_HERO_SERUM,D2C,648,0,0.0
32,GlowLab,GL_HERO_SERUM,Domestic_Retail,976,1,0.745
32,GlowLab,GL_HERO_SERUM,Japan_Offline,266,0,0.0
32,GlowLab,GL_NEW_AMPOULE,Amazon_US,182,0,0.0
32,GlowLab,GL_NEW_AMPOULE,D2C,577,1,0.534
32,GlowLab,GL_NEW_AMPOULE,Domestic_Retail,223,0,0.0
32,GlowLab,GL_NEW_AMPOULE,Japan_Offline,157,0,0.0
32,PureLeaf,PL_GLOBAL_CREAM,Amazon_US,181,0,0.0
32,PureLeaf,PL_GLOBAL_CREAM,D2C,149,0,0.0
32,PureLeaf,PL_GLOBAL_CREAM,Domestic_Retail,152,0,0.0
32,PureLeaf,PL_GLOBAL_CREAM,Japan_Offline,129,0,0.0
32,PureLeaf,PL_SLOW_MASK,Amazon_US,0,0,0.0
32,PureLeaf,PL_SLOW_MASK,D2C,122,0,0.0
32,PureLeaf,PL_SLOW_MASK,Domestic_Retail,0,0,0.0
32,PureLeaf,PL_SLOW_MASK,Japan_Offline,0,0,0.0
33,AquaMuse,AM_BASIC_TONER,Amazon_US,176,0,0.0
33,AquaMuse,AM_BASIC_TONER,D2C,300,0,0.0
33,AquaMuse,AM_BASIC_TONER,Domestic_Retail,243,0,0.0
33,AquaMuse,AM_BASIC_TONER,Japan_Offline,121,0,0.0
33,AquaMuse,AM_BUNDLE_KIT,Amazon_US,180,1,0.705
33,AquaMuse,AM_BUNDLE_KIT,D2C,208,0,0.0
33,AquaMuse,AM_BUNDLE_KIT,Domestic_Retail,135,0,0.0
33,AquaMuse,AM_BUNDLE_KIT,Japan_Offline,161,1,0.917
33,GlowLab,GL_HERO_SERUM,Amazon_US,1158,0,0.0
33,GlowLab,GL_HERO_SERUM,D2C,623,0,0.0
33,GlowLab,GL_HERO_SERUM,Domestic_Retail,298,0,0.0
33,GlowLab,GL_HERO_SERUM,Japan_Offline,292,0,0.0
33,GlowLab,GL_NEW_AMPOULE,Amazon_US,135,0,0.0
33,GlowLab,GL_NEW_AMPOULE,D2C,149,1,0.103
33,GlowLab,GL_NEW_AMPOULE,Domestic_Retail,171,0,0.0
33,GlowLab,GL_NEW_AMPOULE,Japan_Offline,145,0,0.0
33,PureLeaf,PL_GLOBAL_CREAM,Amazon_US,280,0,0.0
33,PureLeaf,PL_GLOBAL_CREAM,D2C,334,0,0.0
33,PureLeaf,PL_GLOBAL_CREAM,Domestic_Retail,181,0,0.0
33,PureLeaf,PL_GLOBAL_CREAM,Japan_Offline,228,0,0.0
33,PureLeaf,PL_SLOW_MASK,Amazon_US,0,0,0.0
33,PureLeaf,PL_SLOW_MASK,D2C,25,0,0.0
33,PureLeaf,PL_SLOW_MASK,Domestic_Retail,53,1,0.32
33,PureLeaf,PL_SLOW_MASK,Japan_Offline,6,0,0.0
34,AquaMuse,AM_BASIC_TONER,Amazon_US,206,0,0.0
34,AquaMuse,AM_BASIC_TONER,D2C,321,0,0.0
34,AquaMuse,AM_BASIC_TONER,Domestic_Retail,227,0,0.0
34,AquaMuse,AM_BASIC_TONER,Japan_Offline,128,0,0.0
34,AquaMuse,AM_BUNDLE_KIT,Amazon_US,81,0,0.0
34,AquaMuse,AM_BUNDLE_KIT,D2C,308,0,0.0
34,AquaMuse,AM_BUNDLE_KIT,Domestic_Retail,108,0,0.0
34,AquaMuse,AM_BUNDLE_KIT,Japan_Offline,161,1,0.683
34,GlowLab,GL_HERO_SERUM,Amazon_US,707,0,0.0
34,GlowLab,GL_HERO_SERUM,D2C,831,0,0.0
34,GlowLab,GL_HERO_SERUM,Domestic_Retail,403,0,0.0
34,GlowLab,GL_HERO_SERUM,Japan_Offline,407,1,0.21
34,GlowLab,GL_NEW_AMPOULE,Amazon_US,163,0,0.0
34,GlowLab,GL_NEW_AMPOULE,D2C,398,1,0.275
34,GlowLab,GL_NEW_AMPOULE,Domestic_Retail,310,1,0.389
34,GlowLab,GL_NEW_AMPOULE,Japan_Offline,140,0,0.0
34,PureLeaf,PL_GLOBAL_CREAM,Amazon_US,202,0,0.0
34,PureLeaf,PL_GLOBAL_CREAM,D2C,173,0,0.0
34,PureLeaf,PL_GLOBAL_CREAM,Domestic_Retail,363,1,0.52
34,PureLeaf,PL_GLOBAL_CREAM,Japan_Offline,133,0,0.0
34,PureLeaf,PL_SLOW_MASK,Amazon_US,42,0,0.0
34,PureLeaf,PL_SLOW_MASK,D2C,89,0,0.0
34,PureLeaf,PL_SLOW_MASK,Domestic_Retail,0,0,0.0
34,PureLeaf,PL_SLOW_MASK,Japan_Offline,0,0,0.0
35,AquaMuse,AM_BASIC_TONER,Amazon_US,235,1,0.161
35,AquaMuse,AM_BASIC_TONER,D2C,260,0,0.0
35,AquaMuse,AM_BASIC_TONER,Domestic_Retail,192,0,0.0
35,AquaMuse,AM_BASIC_TONER,Japan_Offline,111,0,0.0
35,AquaMuse,AM_BUNDLE_KIT,Amazon_US,116,0,0.0
35,AquaMuse,AM_BUNDLE_KIT,D2C,176,1,0.751
35,AquaMuse,AM_BUNDLE_KIT,Domestic_Retail,73,0,0.0
35,AquaMuse,AM_BUNDLE_KIT,Japan_Offline,99,0,0.0
35,GlowLab,GL_HERO_SERUM,Amazon_US,404,0,0.0
35,GlowLab,GL_HERO_SERUM,D2C,664,1,0.434
35,GlowLab,GL_HERO_SERUM,Domestic_Retail,915,1,0.782
35,GlowLab,GL_HERO_SERUM,Japan_Offline,514,1,0.862
35,GlowLab,GL_NEW_AMPOULE,Amazon_US,112,0,0.0
35,GlowLab,GL_NEW_AMPOULE,D2C,118,0,0.0
35,GlowLab,GL_NEW_AMPOULE,Domestic_Retail,220,1,0.281
35,GlowLab,GL_NEW_AMPOULE,Japan_Offline,112,0,0.0
35,PureLeaf,PL_GLOBAL_CREAM,Amazon_US,230,0,0.0
35,PureLeaf,PL_GLOBAL_CREAM,D2C,120,0,0.0
35,PureLeaf,PL_GLOBAL_CREAM,Domestic_Retail,415,0,0.0
35,PureLeaf,PL_GLOBAL_CREAM,Japan_Offline,172,0,0.0
35,PureLeaf,PL_SLOW_MASK,Amazon_US,80,0,0.0
35,PureLeaf,PL_SLOW_MASK,D2C,84,1,0.392
35,PureLeaf,PL_SLOW_MASK,Domestic_Retail,0,0,0.0
35,PureLeaf,PL_SLOW_MASK,Japan_Offline,0,0,0.0
36,AquaMuse,AM_BASIC_TONER,Amazon_US,161,0,0.0
36,AquaMuse,AM_BASIC_TONER,D2C,257,0,0.0
36,AquaMuse,AM_BASIC_TONER,Domestic_Retail,222,0,0.0
36,AquaMuse,AM_BASIC_TONER,Japan_Offline,205,0,0.0
36,AquaMuse,AM_BUNDLE_KIT,Amazon_US,193,1,0.984
36,AquaMuse,AM_BUNDLE_KIT,D2C,167,0,0.0
36,AquaMuse,AM_BUNDLE_KIT,Domestic_Retail,124,0,0.0
36,AquaMuse,AM_BUNDLE_KIT,Japan_Offline,317,1,0.915
36,GlowLab,GL_HERO_SERUM,Amazon_US,373,0,0.0
36,GlowLab,GL_HERO_SERUM,D2C,421,0,0.0
36,GlowLab,GL_HERO_SERUM,Domestic_Retail,459,1,0.533
36,GlowLab,GL_HERO_SERUM,Japan_Offline,203,0,0.0
36,GlowLab,GL_NEW_AMPOULE,Amazon_US,134,1,0.23
36,GlowLab,GL_NEW_AMPOULE,D2C,364,0,0.0
36,GlowLab,GL_NEW_AMPOULE,Domestic_Retail,325,1,0.744
36,GlowLab,GL_NEW_AMPOULE,Japan_Offline,74,0,0.0
36,PureLeaf,PL_GLOBAL_CREAM,Amazon_US,174,0,0.0
36,PureLeaf,PL_GLOBAL_CREAM,D2C,315,0,0.0
36,PureLeaf,PL_GLOBAL_CREAM,Domestic_Retail,348,1,0.566
36,PureLeaf,PL_GLOBAL_CREAM,Japan_Offline,102,0,0.0
36,PureLeaf,PL_SLOW_MASK,Amazon_US,4,0,0.0
36,PureLeaf,PL_SLOW_MASK,D2C,105,0,0.0
36,PureLeaf,PL_SLOW_MASK,Domestic_Retail,27,0,0.0
36,PureLeaf,PL_SLOW_MASK,Japan_Offline,69,1,0.264
37,AquaMuse,AM_BASIC_TONER,Amazon_US,173,0,0.0
37,AquaMuse,AM_BASIC_TONER,D2C,314,0,0.0
37,AquaMuse,AM_BASIC_TONER,Domestic_Retail,209,0,0.0
37,AquaMuse,AM_BASIC_TONER,Japan_Offline,130,0,0.0
37,AquaMuse,AM_BUNDLE_KIT,Amazon_US,132,1,0.663
37,AquaMuse,AM_BUNDLE_KIT,D2C,150,0,0.0
37,AquaMuse,AM_BUNDLE_KIT,Domestic_Retail,215,0,0.0
37,AquaMuse,AM_BUNDLE_KIT,Japan_Offline,89,0,0.0
37,GlowLab,GL_HERO_SERUM,Amazon_US,522,0,0.0
37,GlowLab,GL_HERO_SERUM,D2C,500,0,0.0
37,GlowLab,GL_HERO_SERUM,Domestic_Retail,730,1,0.915
37,GlowLab,GL_HERO_SERUM,Japan_Offline,271,0,0.0
37,GlowLab,GL_NEW_AMPOULE,Amazon_US,269,0,0.0
37,GlowLab,GL_NEW_AMPOULE,D2C,295,1,0.78
37,GlowLab,GL_NEW_AMPOULE,Domestic_Retail,153,0,0.0
37,GlowLab,GL_NEW_AMPOULE,Japan_Offline,95,0,0.0
37,PureLeaf,PL_GLOBAL_CREAM,Amazon_US,236,0,0.0
37,PureLeaf,PL_GLOBAL_CREAM,D2C,160,0,0.0
37,PureLeaf,PL_GLOBAL_CREAM,Domestic_Retail,118,0,0.0
37,PureLeaf,PL_GLOBAL_CREAM,Japan_Offline,204,0,0.0
37,PureLeaf,PL_SLOW_MASK,Amazon_US,39,0,0.0
37,PureLeaf,PL_SLOW_MASK,D2C,56,0,0.0
37,PureLeaf,PL_SLOW_MASK,Domestic_Retail,46,0,0.0
37,PureLeaf,PL_SLOW_MASK,Japan_Offline,0,1,0.123
38,AquaMuse,AM_BASIC_TONER,Amazon_US,204,0,0.0
38,AquaMuse,AM_BASIC_TONER,D2C,342,0,0.0
38,AquaMuse,AM_BASIC_TONER,Domestic_Retail,605,1,0.926
38,AquaMuse,AM_BASIC_TONER,Japan_Offline,166,0,0.0
38,AquaMuse,AM_BUNDLE_KIT,Amazon_US,110,0,0.0
38,AquaMuse,AM_BUNDLE_KIT,D2C,383,1,0.774
38,AquaMuse,AM_BUNDLE_KIT,Domestic_Retail,112,0,0.0
38,AquaMuse,AM_BUNDLE_KIT,Japan_Offline,123,1,0.635
38,GlowLab,GL_HERO_SERUM,Amazon_US,478,0,0.0
38,GlowLab,GL_HERO_SERUM,D2C,1456,1,0.478
38,GlowLab,GL_HERO_SERUM,Domestic_Retail,939,1,1.004
38,GlowLab,GL_HERO_SERUM,Japan_Offline,343,0,0.0
38,GlowLab,GL_NEW_AMPOULE,Amazon_US,132,0,0.0
38,GlowLab,GL_NEW_AMPOULE,D2C,216,0,0.0
38,GlowLab,GL_NEW_AMPOULE,Domestic_Retail,302,1,0.26
38,GlowLab,GL_NEW_AMPOULE,Japan_Offline,80,0,0.0
38,PureLeaf,PL_GLOBAL_CREAM,Amazon_US,340,1,0.302
38,PureLeaf,PL_GLOBAL_CREAM,D2C,179,1,0.372
38,PureLeaf,PL_GLOBAL_CREAM,Domestic_Retail,268,0,0.0
38,PureLeaf,PL_GLOBAL_CREAM,Japan_Offline,101,0,0.0
38,PureLeaf,PL_SLOW_MASK,Amazon_US,16,0,0.0
38,PureLeaf,PL_SLOW_MASK,D2C,0,0,0.0
38,PureLeaf,PL_SLOW_MASK,Domestic_Retail,29,1,0.156
38,PureLeaf,PL_SLOW_MASK,Japan_Offline,0,0,0.0
39,AquaMuse,AM_BASIC_TONER,Amazon_US,202,0,0.0
39,AquaMuse,AM_BASIC_TONER,D2C,291,0,0.0
39,AquaMuse,AM_BASIC_TONER,Domestic_Retail,243,0,0.0
39,AquaMuse,AM_BASIC_TONER,Japan_Offline,201,1,0.199
39,AquaMuse,AM_BUNDLE_KIT,Amazon_US,242,1,0.493
39,AquaMuse,AM_BUNDLE_KIT,D2C,318,1,0.631
39,AquaMuse,AM_BUNDLE_KIT,Domestic_Retail,134,0,0.0
39,AquaMuse,AM_BUNDLE_KIT,Japan_Offline,198,0,0.0
39,GlowLab,GL_HERO_SERUM,Amazon_US,504,1,0.483
39,GlowLab,GL_HERO_SERUM,D2C,607,0,0.0
39,GlowLab,GL_HERO_SERUM,Domestic_Retail,513,0,0.0
39,GlowLab,GL_HERO_SERUM,Japan_Offline,414,1,0.628
39,GlowLab,GL_NEW_AMPOULE,Amazon_US,96,0,0.0
39,GlowLab,GL_NEW_AMPOULE,D2C,228,0,0.0
39,GlowLab,GL_NEW_AMPOULE,Domestic_Retail,100,0,0.0
39,GlowLab,GL_NEW_AMPOULE,Japan_Offline,113,0,0.0
39,PureLeaf,PL_GLOBAL_CREAM,Amazon_US,315,0,0.0
39,PureLeaf,PL_GLOBAL_CREAM,D2C,291,0,0.0
39,PureLeaf,PL_GLOBAL_CREAM,Domestic_Retail,233,0,0.0
39,PureLeaf,PL_GLOBAL_CREAM,Japan_Offline,183,0,0.0
39,PureLeaf,PL_SLOW_MASK,Amazon_US,5,0,0.0
39,PureLeaf,PL_SLOW_MASK,D2C,7,0,0.0
39,PureLeaf,PL_SLOW_MASK,Domestic_Retail,0,1,0.232
39,PureLeaf,PL_SLOW_MASK,Japan_Offline,2,0,0.0
40,AquaMuse,AM_BASIC_TONER,Amazon_US,140,0,0.0
40,AquaMuse,AM_BASIC_TONER,D2C,211,0,0.0
40,AquaMuse,AM_BASIC_TONER,Domestic_Retail,160,0,0.0
40,AquaMuse,AM_BASIC_TONER,Japan_Offline,77,0,0.0
40,AquaMuse,AM_BUNDLE_KIT,Amazon_US,87,0,0.0
40,AquaMuse,AM_BUNDLE_KIT,D2C,434,1,0.545
40,AquaMuse,AM_BUNDLE_KIT,Domestic_Retail,163,0,0.0
40,AquaMuse,AM_BUNDLE_KIT,Japan_Offline,79,0,0.0
40,GlowLab,GL_HERO_SERUM,Amazon_US,537,0,0.0
40,GlowLab,GL_HERO_SERUM,D2C,467,0,0.0
40,GlowLab,GL_HERO_SERUM,Domestic_Retail,558,0,0.0
40,GlowLab,GL_HERO_SERUM,Japan_Offline,258,0,0.0
40,GlowLab,GL_NEW_AMPOULE,Amazon_US,241,0,0.0
40,GlowLab,GL_NEW_AMPOULE,D2C,276,0,0.0
40,GlowLab,GL_NEW_AMPOULE,Domestic_Retail,129,0,0.0
40,GlowLab,GL_NEW_AMPOULE,Japan_Offline,167,0,0.0
40,PureLeaf,PL_GLOBAL_CREAM,Amazon_US,295,0,0.0
40,PureLeaf,PL_GLOBAL_CREAM,D2C,152,0,0.0
40,PureLeaf,PL_GLOBAL_CREAM,Domestic_Retail,138,0,0.0
40,PureLeaf,PL_GLOBAL_CREAM,Japan_Offline,133,0,0.0
40,PureLeaf,PL_SLOW_MASK,Amazon_US,4,0,0.0
40,PureLeaf,PL_SLOW_MASK,D2C,55,0,0.0
40,PureLeaf,PL_SLOW_MASK,Domestic_Retail,14,0,0.0
40,PureLeaf,PL_SLOW_MASK,Japan_Offline,0,0,0.0
41,AquaMuse,AM_BASIC_TONER,Amazon_US,187,0,0.0
41,AquaMuse,AM_BASIC_TONER,D2C,288,0,0.0
41,AquaMuse,AM_BASIC_TONER,Domestic_Retail,211,0,0.0
41,AquaMuse,AM_BASIC_TONER,Japan_Offline,140,0,0.0
41,AquaMuse,AM_BUNDLE_KIT,Amazon_US,127,0,0.0
41,AquaMuse,AM_BUNDLE_KIT,D2C,236,1,0.621
41,AquaMuse,AM_BUNDLE_KIT,Domestic_Retail,134,0,0.0
41,AquaMuse,AM_BUNDLE_KIT,Japan_Offline,116,1,0.807
41,GlowLab,GL_HERO_SERUM,Amazon_US,800,1,0.474
41,GlowLab,GL_HERO_SERUM,D2C,1044,1,0.726
41,GlowLab,GL_HERO_SERUM,Domestic_Retail,491,0,0.0
41,GlowLab,GL_HERO_SERUM,Japan_Offline,398,0,0.0
41,GlowLab,GL_NEW_AMPOULE,Amazon_US,199,1,0.309
41,GlowLab,GL_NEW_AMPOULE,D2C,296,0,0.0
41,GlowLab,GL_NEW_AMPOULE,Domestic_Retail,266,1,0.454
41,GlowLab,GL_NEW_AMPOULE,Japan_Offline,130,0,0.0
41,PureLeaf,PL_GLOBAL_CREAM,Amazon_US,221,0,0.0
41,PureLeaf,PL_GLOBAL_CREAM,D2C,251,1,0.05
41,PureLeaf,PL_GLOBAL_CREAM,Domestic_Retail,164,1,0.199
41,PureLeaf,PL_GLOBAL_CREAM,Japan_Offline,163,0,0.0
41,PureLeaf,PL_SLOW_MASK,Amazon_US,22,0,0.0
41,PureLeaf,PL_SLOW_MASK,D2C,0,1,0.564
41,PureLeaf,PL_SLOW_MASK,Domestic_Retail,20,0,0.0
41,PureLeaf,PL_SLOW_MASK,Japan_Offline,2,0,0.0
42,AquaMuse,AM_BASIC_TONER,Amazon_US,258,0,0.0
42,AquaMuse,AM_BASIC_TONER,D2C,384,0,0.0
42,AquaMuse,AM_BASIC_TONER,Domestic_Retail,320,0,0.0
42,AquaMuse,AM_BASIC_TONER,Japan_Offline,208,0,0.0
42,AquaMuse,AM_BUNDLE_KIT,Amazon_US,68,0,0.0
42,AquaMuse,AM_BUNDLE_KIT,D2C,209,1,0.56
42,AquaMuse,AM_BUNDLE_KIT,Domestic_Retail,214,0,0.0
42,AquaMuse,AM_BUNDLE_KIT,Japan_Offline,287,1,0.389
42,GlowLab,GL_HERO_SERUM,Amazon_US,343,0,0.0
42,GlowLab,GL_HERO_SERUM,D2C,576,0,0.0
42,GlowLab,GL_HERO_SERUM,Domestic_Retail,442,0,0.0
42,GlowLab,GL_HERO_SERUM,Japan_Offline,311,0,0.0
42,GlowLab,GL_NEW_AMPOULE,Amazon_US,174,0,0.0
42,GlowLab,GL_NEW_AMPOULE,D2C,202,0,0.0
42,GlowLab,GL_NEW_AMPOULE,Domestic_Retail,197,0,0.0
42,GlowLab,GL_NEW_AMPOULE,Japan_Offline,120,0,0.0
42,PureLeaf,PL_GLOBAL_CREAM,Amazon_US,221,1,0.05
42,PureLeaf,PL_GLOBAL_CREAM,D2C,236,0,0.0
42,PureLeaf,PL_GLOBAL_CREAM,Domestic_Retail,363,1,0.354
42,PureLeaf,PL_GLOBAL_CREAM,Japan_Offline,341,0,0.0
42,PureLeaf,PL_SLOW_MASK,Amazon_US,37,0,0.0
42,PureLeaf,PL_SLOW_MASK,D2C,77,0,0.0
42,PureLeaf,PL_SLOW_MASK,Domestic_Retail,100,0,0.0
42,PureLeaf,PL_SLOW_MASK,Japan_Offline,6,0,0.0
43,AquaMuse,AM_BASIC_TONER,Amazon_US,281,0,0.0
43,AquaMuse,AM_BASIC_TONER,D2C,436,0,0.0
43,AquaMuse,AM_BASIC_TONER,Domestic_Retail,293,0,0.0
43,AquaMuse,AM_BASIC_TONER,Japan_Offline,163,0,0.0
43,AquaMuse,AM_BUNDLE_KIT,Amazon_US,128,0,0.0
43,AquaMuse,AM_BUNDLE_KIT,D2C,234,0,0.0
43,AquaMuse,AM_BUNDLE_KIT,Domestic_Retail,135,0,0.0
43,AquaMuse,AM_BUNDLE_KIT,Japan_Offline,104,0,0.0
43,GlowLab,GL_HERO_SERUM,Amazon_US,497,0,0.0
43,GlowLab,GL_HERO_SERUM,D2C,808,0,0.0
43,GlowLab,GL_HERO_SERUM,Domestic_Retail,652,0,0.0
43,GlowLab,GL_HERO_SERUM,Japan_Offline,256,0,0.0
43,GlowLab,GL_NEW_AMPOULE,Amazon_US,170,0,0.0
43,GlowLab,GL_NEW_AMPOULE,D2C,275,0,0.0
43,GlowLab,GL_NEW_AMPOULE,Domestic_Retail,397,1,0.418
43,GlowLab,GL_NEW_AMPOULE,Japan_Offline,94,0,0.0
43,PureLeaf,PL_GLOBAL_CREAM,Amazon_US,155,0,0.0
43,PureLeaf,PL_GLOBAL_CREAM,D2C,211,0,0.0
43,PureLeaf,PL_GLOBAL_CREAM,Domestic_Retail,312,0,0.0
43,PureLeaf,PL_GLOBAL_CREAM,Japan_Offline,175,0,0.0
43,PureLeaf,PL_SLOW_MASK,Amazon_US,0,0,0.0
43,PureLeaf,PL_SLOW_MASK,D2C,0,0,0.0
43,PureLeaf,PL_SLOW_MASK,Domestic_Retail,96,1,0.247
43,PureLeaf,PL_SLOW_MASK,Japan_Offline,0,0,0.0
44,AquaMuse,AM_BASIC_TONER,Amazon_US,183,0,0.0
44,AquaMuse,AM_BASIC_TONER,D2C,362,0,0.0
44,AquaMuse,AM_BASIC_TONER,Domestic_Retail,232,0,0.0
44,AquaMuse,AM_BASIC_TONER,Japan_Offline,177,0,0.0
44,AquaMuse,AM_BUNDLE_KIT,Amazon_US,183,0,0.0
44,AquaMuse,AM_BUNDLE_KIT,D2C,560,1,0.793
44,AquaMuse,AM_BUNDLE_KIT,Domestic_Retail,176,0,0.0
44,AquaMuse,AM_BUNDLE_KIT,Japan_Offline,88,0,0.0
44,GlowLab,GL_HERO_SERUM,Amazon_US,690,0,0.0
44,GlowLab,GL_HERO_SERUM,D2C,1232,1,0.659
44,GlowLab,GL_HERO_SERUM,Domestic_Retail,387,0,0.0
44,GlowLab,GL_HERO_SERUM,Japan_Offline,632,1,0.661
44,GlowLab,GL_NEW_AMPOULE,Amazon_US,172,0,0.0
44,GlowLab,GL_NEW_AMPOULE,D2C,240,0,0.0
44,GlowLab,GL_NEW_AMPOULE,Domestic_Retail,193,1,0.521
44,GlowLab,GL_NEW_AMPOULE,Japan_Offline,249,1,0.349
44,PureLeaf,PL_GLOBAL_CREAM,Amazon_US,245,1,0.247
44,PureLeaf,PL_GLOBAL_CREAM,D2C,266,0,0.0
44,PureLeaf,PL_GLOBAL_CREAM,Domestic_Retail,240,0,0.0
44,PureLeaf,PL_GLOBAL_CREAM,Japan_Offline,181,0,0.0
44,PureLeaf,PL_SLOW_MASK,Amazon_US,11,0,0.0
44,PureLeaf,PL_SLOW_MASK,D2C,0,0,0.0
44,PureLeaf,PL_SLOW_MASK,Domestic_Retail,13,0,0.0
44,PureLeaf,PL_SLOW_MASK,Japan_Offline,38,1,0.695
45,AquaMuse,AM_BASIC_TONER,Amazon_US,324,1,0.331
45,AquaMuse,AM_BASIC_TONER,D2C,355,0,0.0
45,AquaMuse,AM_BASIC_TONER,Domestic_Retail,222,0,0.0
45,AquaMuse,AM_BASIC_TONER,Japan_Offline,187,0,0.0
45,AquaMuse,AM_BUNDLE_KIT,Amazon_US,242,1,0.698
45,AquaMuse,AM_BUNDLE_KIT,D2C,172,0,0.0
45,AquaMuse,AM_BUNDLE_KIT,Domestic_Retail,248,1,0.697
45,AquaMuse,AM_BUNDLE_KIT,Japan_Offline,79,0,0.0
45,GlowLab,GL_HERO_SERUM,Amazon_US,410,0,0.0
45,GlowLab,GL_HERO_SERUM,D2C,940,0,0.0
45,GlowLab,GL_HERO_SERUM,Domestic_Retail,478,0,0.0
45,GlowLab,GL_HERO_SERUM,Japan_Offline,465,0,0.0
45,GlowLab,GL_NEW_AMPOULE,Amazon_US,176,0,0.0
45,GlowLab,GL_NEW_AMPOULE,D2C,433,1,0.423
45,GlowLab,GL_NEW_AMPOULE,Domestic_Retail,353,0,0.0
45,GlowLab,GL_NEW_AMPOULE,Japan_Offline,141,0,0.0
45,PureLeaf,PL_GLOBAL_CREAM,Amazon_US,240,0,0.0
45,PureLeaf,PL_GLOBAL_CREAM,D2C,244,0,0.0
45,PureLeaf,PL_GLOBAL_CREAM,Domestic_Retail,421,0,0.0
45,PureLeaf,PL_GLOBAL_CREAM,Japan_Offline,273,0,0.0
45,PureLeaf,PL_SLOW_MASK,Amazon_US,85,0,0.0
45,PureLeaf,PL_SLOW_MASK,D2C,0,0,0.0
45,PureLeaf,PL_SLOW_MASK,Domestic_Retail,52,0,0.0
45,PureLeaf,PL_SLOW_MASK,Japan_Offline,17,0,0.0
46,AquaMuse,AM_BASIC_TONER,Amazon_US,194,0,0.0
46,AquaMuse,AM_BASIC_TONER,D2C,236,0,0.0
46,AquaMuse,AM_BASIC_TONER,Domestic_Retail,193,0,0.0
46,AquaMuse,AM_BASIC_TONER,Japan_Offline,115,0,0.0
46,AquaMuse,AM_BUNDLE_KIT,Amazon_US,66,0,0.0
46,AquaMuse,AM_BUNDLE_KIT,D2C,173,0,0.0
46,AquaMuse,AM_BUNDLE_KIT,Domestic_Retail,137,1,1.073
46,AquaMuse,AM_BUNDLE_KIT,Japan_Offline,282,1,0.644
46,GlowLab,GL_HERO_SERUM,Amazon_US,366,0,0.0
46,GlowLab,GL_HERO_SERUM,D2C,596,0,0.0
46,GlowLab,GL_HERO_SERUM,Domestic_Retail,576,0,0.0
46,GlowLab,GL_HERO_SERUM,Japan_Offline,293,0,0.0
46,GlowLab,GL_NEW_AMPOULE,Amazon_US,74,0,0.0
46,GlowLab,GL_NEW_AMPOULE,D2C,143,0,0.0
46,GlowLab,GL_NEW_AMPOULE,Domestic_Retail,107,0,0.0
46,GlowLab,GL_NEW_AMPOULE,Japan_Offline,74,0,0.0
46,PureLeaf,PL_GLOBAL_CREAM,Amazon_US,193,1,0.428
46,PureLeaf,PL_GLOBAL_CREAM,D2C,251,0,0.0
46,PureLeaf,PL_GLOBAL_CREAM,Domestic_Retail,157,0,0.0
46,PureLeaf,PL_GLOBAL_CREAM,Japan_Offline,106,0,0.0
46,PureLeaf,PL_SLOW_MASK,Amazon_US,0,0,0.0
46,PureLeaf,PL_SLOW_MASK,D2C,26,0,0.0
46,PureLeaf,PL_SLOW_MASK,Domestic_Retail,116,0,0.0
46,PureLeaf,PL_SLOW_MASK,Japan_Offline,11,0,0.0
47,AquaMuse,AM_BASIC_TONER,Amazon_US,205,1,0.103
47,AquaMuse,AM_BASIC_TONER,D2C,315,0,0.0
47,AquaMuse,AM_BASIC_TONER,Domestic_Retail,317,1,0.438
47,AquaMuse,AM_BASIC_TONER,Japan_Offline,149,0,0.0
47,AquaMuse,AM_BUNDLE_KIT,Amazon_US,108,0,0.0
47,AquaMuse,AM_BUNDLE_KIT,D2C,150,1,0.421
47,AquaMuse,AM_BUNDLE_KIT,Domestic_Retail,315,1,0.887
47,AquaMuse,AM_BUNDLE_KIT,Japan_Offline,85,1,0.802
47,GlowLab,GL_HERO_SERUM,Amazon_US,395,0,0.0
47,GlowLab,GL_HERO_SERUM,D2C,753,0,0.0
47,GlowLab,GL_HERO_SERUM,Domestic_Retail,852,1,0.703
47,GlowLab,GL_HERO_SERUM,Japan_Offline,411,0,0.0
47,GlowLab,GL_NEW_AMPOULE,Amazon_US,155,0,0.0
47,GlowLab,GL_NEW_AMPOULE,D2C,244,0,0.0
47,GlowLab,GL_NEW_AMPOULE,Domestic_Retail,249,0,0.0
47,GlowLab,GL_NEW_AMPOULE,Japan_Offline,156,0,0.0
47,PureLeaf,PL_GLOBAL_CREAM,Amazon_US,160,0,0.0
47,PureLeaf,PL_GLOBAL_CREAM,D2C,388,1,0.436
47,PureLeaf,PL_GLOBAL_CREAM,Domestic_Retail,160,1,0.446
47,PureLeaf,PL_GLOBAL_CREAM,Japan_Offline,196,0,0.0
47,PureLeaf,PL_SLOW_MASK,Amazon_US,8,0,0.0
47,PureLeaf,PL_SLOW_MASK,D2C,17,0,0.0
47,PureLeaf,PL_SLOW_MASK,Domestic_Retail,0,0,0.0
47,PureLeaf,PL_SLOW_MASK,Japan_Offline,53,0,0.0
48,AquaMuse,AM_BASIC_TONER,Amazon_US,182,0,0.0
48,AquaMuse,AM_BASIC_TONER,D2C,253,0,0.0
48,AquaMuse,AM_BASIC_TONER,Domestic_Retail,261,0,0.0
48,AquaMuse,AM_BASIC_TONER,Japan_Offline,138,0,0.0
48,AquaMuse,AM_BUNDLE_KIT,Amazon_US,170,1,0.908
48,AquaMuse,AM_BUNDLE_KIT,D2C,74,0,0.0
48,AquaMuse,AM_BUNDLE_KIT,Domestic_Retail,102,0,0.0
48,AquaMuse,AM_BUNDLE_KIT,Japan_Offline,56,0,0.0
48,GlowLab,GL_HERO_SERUM,Amazon_US,543,0,0.0
48,GlowLab,GL_HERO_SERUM,D2C,301,0,0.0
48,GlowLab,GL_HERO_SERUM,Domestic_Retail,449,0,0.0
48,GlowLab,GL_HERO_SERUM,Japan_Offline,303,0,0.0
48,GlowLab,GL_NEW_AMPOULE,Amazon_US,243,0,0.0
48,GlowLab,GL_NEW_AMPOULE,D2C,382,1,0.8
48,GlowLab,GL_NEW_AMPOULE,Domestic_Retail,134,0,0.0
48,GlowLab,GL_NEW_AMPOULE,Japan_Offline,80,0,0.0
48,PureLeaf,PL_GLOBAL_CREAM,Amazon_US,289,1,0.366
48,PureLeaf,PL_GLOBAL_CREAM,D2C,222,0,0.0
48,PureLeaf,PL_GLOBAL_CREAM,Domestic_Retail,172,0,0.0
48,PureLeaf,PL_GLOBAL_CREAM,Japan_Offline,254,0,0.0
48,PureLeaf,PL_SLOW_MASK,Amazon_US,0,1,0.05
48,PureLeaf,PL_SLOW_MASK,D2C,0,0,0.0
48,PureLeaf,PL_SLOW_MASK,Domestic_Retail,0,1,0.162
48,PureLeaf,PL_SLOW_MASK,Japan_Offline,6,0,0.0
49,AquaMuse,AM_BASIC_TONER,Amazon_US,247,1,0.291
49,AquaMuse,AM_BASIC_TONER,D2C,288,0,0.0
49,AquaMuse,AM_BASIC_TONER,Domestic_Retail,202,0,0.0
49,AquaMuse,AM_BASIC_TONER,Japan_Offline,180,1,0.183
49,AquaMuse,AM_BUNDLE_KIT,Amazon_US,114,0,0.0
49,AquaMuse,AM_BUNDLE_KIT,D2C,186,0,0.0
49,AquaMuse,AM_BUNDLE_KIT,Domestic_Retail,177,0,0.0
49,AquaMuse,AM_BUNDLE_KIT,Japan_Offline,58,0,0.0
49,GlowLab,GL_HERO_SERUM,Amazon_US,804,1,0.589
49,GlowLab,GL_HERO_SERUM,D2C,624,0,0.0
49,GlowLab,GL_HERO_SERUM,Domestic_Retail,689,1,0.686
49,GlowLab,GL_HERO_SERUM,Japan_Offline,285,0,0.0
49,GlowLab,GL_NEW_AMPOULE,Amazon_US,120,0,0.0
49,GlowLab,GL_NEW_AMPOULE,D2C,189,0,0.0
49,GlowLab,GL_NEW_AMPOULE,Domestic_Retail,265,0,0.0
49,GlowLab,GL_NEW_AMPOULE,Japan_Offline,221,1,0.542
49,PureLeaf,PL_GLOBAL_CREAM,Amazon_US,144,0,0.0
49,PureLeaf,PL_GLOBAL_CREAM,D2C,284,0,0.0
49,PureLeaf,PL_GLOBAL_CREAM,Domestic_Retail,180,0,0.0
49,PureLeaf,PL_GLOBAL_CREAM,Japan_Offline,141,0,0.0
49,PureLeaf,PL_SLOW_MASK,Amazon_US,15,0,0.0
49,PureLeaf,PL_SLOW_MASK,D2C,0,0,0.0
49,PureLeaf,PL_SLOW_MASK,Domestic_Retail,40,0,0.0
49,PureLeaf,PL_SLOW_MASK,Japan_Offline,20,0,0.0
50,AquaMuse,AM_BASIC_TONER,Amazon_US,262,1,0.529
50,AquaMuse,AM_BASIC_TONER,D2C,279,0,0.0
50,AquaMuse,AM_BASIC_TONER,Domestic_Retail,204,0,0.0
50,AquaMuse,AM_BASIC_TONER,Japan_Offline,126,0,0.0
50,AquaMuse,AM_BUNDLE_KIT,Amazon_US,123,1,0.55
50,AquaMuse,AM_BUNDLE_KIT,D2C,119,0,0.0
50,AquaMuse,AM_BUNDLE_KIT,Domestic_Retail,204,0,0.0
50,AquaMuse,AM_BUNDLE_KIT,Japan_Offline,199,1,0.912
50,GlowLab,GL_HERO_SERUM,Amazon_US,620,1,0.413
50,GlowLab,GL_HERO_SERUM,D2C,925,1,0.46
50,GlowLab,GL_HERO_SERUM,Domestic_Retail,556,0,0.0
50,GlowLab,GL_HERO_SERUM,Japan_Offline,317,0,0.0
50,GlowLab,GL_NEW_AMPOULE,Amazon_US,243,0,0.0
50,GlowLab,GL_NEW_AMPOULE,D2C,218,0,0.0
50,GlowLab,GL_NEW_AMPOULE,Domestic_Retail,169,0,0.0
50,GlowLab,GL_NEW_AMPOULE,Japan_Offline,53,0,0.0
50,PureLeaf,PL_GLOBAL_CREAM,Amazon_US,350,0,0.0
50,PureLeaf,PL_GLOBAL_CREAM,D2C,258,1,0.361
50,PureLeaf,PL_GLOBAL_CREAM,Domestic_Retail,467,1,0.57
50,PureLeaf,PL_GLOBAL_CREAM,Japan_Offline,247,1,0.214
50,PureLeaf,PL_SLOW_MASK,Amazon_US,0,1,0.122
50,PureLeaf,PL_SLOW_MASK,D2C,56,0,0.0
50,PureLeaf,PL_SLOW_MASK,Domestic_Retail,139,1,0.213
50,PureLeaf,PL_SLOW_MASK,Japan_Offline,0,0,0.0
51,AquaMuse,AM_BASIC_TONER,Amazon_US,289,0,0.0
51,AquaMuse,AM_BASIC_TONER,D2C,296,0,0.0
51,AquaMuse,AM_BASIC_TONER,Domestic_Retail,267,0,0.0
51,AquaMuse,AM_BASIC_TONER,Japan_Offline,128,0,0.0
51,AquaMuse,AM_BUNDLE_KIT,Amazon_US,262,1,0.668
51,AquaMuse,AM_BUNDLE_KIT,D2C,101,0,0.0
51,AquaMuse,AM_BUNDLE_KIT,Domestic_Retail,590,1,0.784
51,AquaMuse,AM_BUNDLE_KIT,Japan_Offline,90,0,0.0
51,GlowLab,GL_HERO_SERUM,Amazon_US,1227,1,0.218
51,GlowLab,GL_HERO_SERUM,D2C,959,0,0.0
51,GlowLab,GL_HERO_SERUM,Domestic_Retail,427,0,0.0
51,GlowLab,GL_HERO_SERUM,Japan_Offline,236,0,0.0
51,GlowLab,GL_NEW_AMPOULE,Amazon_US,195,0,0.0
51,GlowLab,GL_NEW_AMPOULE,D2C,196,0,0.0
51,GlowLab,GL_NEW_AMPOULE,Domestic_Retail,314,1,0.22
51,GlowLab,GL_NEW_AMPOULE,Japan_Offline,133,0,0.0
51,PureLeaf,PL_GLOBAL_CREAM,Amazon_US,367,0,0.0
51,PureLeaf,PL_GLOBAL_CREAM,D2C,188,0,0.0
51,PureLeaf,PL_GLOBAL_CREAM,Domestic_Retail,312,1,0.534
51,PureLeaf,PL_GLOBAL_CREAM,Japan_Offline,99,0,0.0
51,PureLeaf,PL_SLOW_MASK,Amazon_US,11,0,0.0
51,PureLeaf,PL_SLOW_MASK,D2C,68,0,0.0
51,PureLeaf,PL_SLOW_MASK,Domestic_Retail,0,0,0.0
51,PureLeaf,PL_SLOW_MASK,Japan_Offline,4,0,0.0
52,AquaMuse,AM_BASIC_TONER,Amazon_US,286,1,0.657
52,AquaMuse,AM_BASIC_TONER,D2C,312,1,0.2
52,AquaMuse,AM_BASIC_TONER,Domestic_Retail,151,0,0.0
52,AquaMuse,AM_BASIC_TONER,Japan_Offline,79,0,0.0
52,AquaMuse,AM_BUNDLE_KIT,Amazon_US,148,1,0.574
52,AquaMuse,AM_BUNDLE_KIT,D2C,305,1,1.035
52,AquaMuse,AM_BUNDLE_KIT,Domestic_Retail,111,0,0.0
52,AquaMuse,AM_BUNDLE_KIT,Japan_Offline,144,1,0.683
52,GlowLab,GL_HERO_SERUM,Amazon_US,611,0,0.0
52,GlowLab,GL_HERO_SERUM,D2C,694,0,0.0
52,GlowLab,GL_HERO_SERUM,Domestic_Retail,1109,1,0.757
52,GlowLab,GL_HERO_SERUM,Japan_Offline,515,1,0.516
52,GlowLab,GL_NEW_AMPOULE,Amazon_US,172,0,0.0
52,GlowLab,GL_NEW_AMPOULE,D2C,284,1,0.158
52,GlowLab,GL_NEW_AMPOULE,Domestic_Retail,144,0,0.0
52,GlowLab,GL_NEW_AMPOULE,Japan_Offline,138,1,0.312
52,PureLeaf,PL_GLOBAL_CREAM,Amazon_US,239,0,0.0
52,PureLeaf,PL_GLOBAL_CREAM,D2C,238,1,0.135
52,PureLeaf,PL_GLOBAL_CREAM,Domestic_Retail,441,1,0.36
52,PureLeaf,PL_GLOBAL_CREAM,Japan_Offline,296,0,0.0
52,PureLeaf,PL_SLOW_MASK,Amazon_US,52,0,0.0
52,PureLeaf,PL_SLOW_MASK,D2C,0,0,0.0
52,PureLeaf,PL_SLOW_MASK,Domestic_Retail,18,0,0.0
52,PureLeaf,PL_SLOW_MASK,Japan_Offline,0,0,0.0
53,AquaMuse,AM_BASIC_TONER,Amazon_US,195,0,0.0
53,AquaMuse,AM_BASIC_TONER,D2C,315,0,0.0
53,AquaMuse,AM_BASIC_TONER,Domestic_Retail,347,0,0.0
53,AquaMuse,AM_BASIC_TONER,Japan_Offline,198,1,0.196
53,AquaMuse,AM_BUNDLE_KIT,Amazon_US,68,0,0.0
53,AquaMuse,AM_BUNDLE_KIT,D2C,223,1,0.888
53,AquaMuse,AM_BUNDLE_KIT,Domestic_Retail,81,0,0.0
53,AquaMuse,AM_BUNDLE_KIT,Japan_Offline,197,1,0.86
53,GlowLab,GL_HERO_SERUM,Amazon_US,399,0,0.0
53,GlowLab,GL_HERO_SERUM,D2C,1023,1,0.525
53,GlowLab,GL_HERO_SERUM,Domestic_Retail,909,1,0.459
53,GlowLab,GL_HERO_SERUM,Japan_Offline,519,1,0.45
53,GlowLab,GL_NEW_AMPOULE,Amazon_US,246,0,0.0
53,GlowLab,GL_NEW_AMPOULE,D2C,292,0,0.0
53,GlowLab,GL_NEW_AMPOULE,Domestic_Retail,356,0,0.0
53,GlowLab,GL_NEW_AMPOULE,Japan_Offline,139,0,0.0
53,PureLeaf,PL_GLOBAL_CREAM,Amazon_US,312,0,0.0
53,PureLeaf,PL_GLOBAL_CREAM,D2C,602,1,0.391
53,PureLeaf,PL_GLOBAL_CREAM,Domestic_Retail,155,0,0.0
53,PureLeaf,PL_GLOBAL_CREAM,Japan_Offline,251,0,0.0
53,PureLeaf,PL_SLOW_MASK,Amazon_US,10,0,0.0
53,PureLeaf,PL_SLOW_MASK,D2C,81,1,0.462
53,PureLeaf,PL_SLOW_MASK,Domestic_Retail,74,0,0.0
53,PureLeaf,PL_SLOW_MASK,Japan_Offline,0,0,0.0
54,AquaMuse,AM_BASIC_TONER,Amazon_US,180,0,0.0
54,AquaMuse,AM_BASIC_TONER,D2C,303,1,0.44
54,AquaMuse,AM_BASIC_TONER,Domestic_Retail,180,0,0.0
54,AquaMuse,AM_BASIC_TONER,Japan_Offline,125,0,0.0
54,AquaMuse,AM_BUNDLE_KIT,Amazon_US,152,0,0.0
54,AquaMuse,AM_BUNDLE_KIT,D2C,214,0,0.0
54,AquaMuse,AM_BUNDLE_KIT,Domestic_Retail,250,0,0.0
54,AquaMuse,AM_BUNDLE_KIT,Japan_Offline,247,0,0.0
54,GlowLab,GL_HERO_SERUM,Amazon_US,430,0,0.0
54,GlowLab,GL_HERO_SERUM,D2C,730,1,0.446
54,GlowLab,GL_HERO_SERUM,Domestic_Retail,803,0,0.0
54,GlowLab,GL_HERO_SERUM,Japan_Offline,359,1,0.506
54,GlowLab,GL_NEW_AMPOULE,Amazon_US,280,0,0.0
54,GlowLab,GL_NEW_AMPOULE,D2C,208,0,0.0
54,GlowLab,GL_NEW_AMPOULE,Domestic_Retail,306,0,0.0
54,GlowLab,GL_NEW_AMPOULE,Japan_Offline,89,0,0.0
54,PureLeaf,PL_GLOBAL_CREAM,Amazon_US,262,1,0.436
54,PureLeaf,PL_GLOBAL_CREAM,D2C,168,0,0.0
54,PureLeaf,PL_GLOBAL_CREAM,Domestic_Retail,389,1,0.292
54,PureLeaf,PL_GLOBAL_CREAM,Japan_Offline,168,0,0.0
54,PureLeaf,PL_SLOW_MASK,Amazon_US,83,1,0.184
54,PureLeaf,PL_SLOW_MASK,D2C,98,0,0.0
54,PureLeaf,PL_SLOW_MASK,Domestic_Retail,0,1,0.455
54,PureLeaf,PL_SLOW_MASK,Japan_Offline,17,0,0.0
55,AquaMuse,AM_BASIC_TONER,Amazon_US,226,1,0.148
55,AquaMuse,AM_BASIC_TONER,D2C,463,0,0.0
55,AquaMuse,AM_BASIC_TONER,Domestic_Retail,278,0,0.0
55,AquaMuse,AM_BASIC_TONER,Japan_Offline,155,0,0.0
55,AquaMuse,AM_BUNDLE_KIT,Amazon_US,247,1,0.909
55,AquaMuse,AM_BUNDLE_KIT,D2C,86,0,0.0
55,AquaMuse,AM_BUNDLE_KIT,Domestic_Retail,275,1,0.775
55,AquaMuse,AM_BUNDLE_KIT,Japan_Offline,67,0,0.0
55,GlowLab,GL_HERO_SERUM,Amazon_US,383,0,0.0
55,GlowLab,GL_HERO_SERUM,D2C,1176,1,0.835
55,GlowLab,GL_HERO_SERUM,Domestic_Retail,985,1,0.947
55,GlowLab,GL_HERO_SERUM,Japan_Offline,238,0,0.0
55,GlowLab,GL_NEW_AMPOULE,Amazon_US,303,0,0.0
55,GlowLab,GL_NEW_AMPOULE,D2C,282,0,0.0
55,GlowLab,GL_NEW_AMPOULE,Domestic_Retail,472,1,0.603
55,GlowLab,GL_NEW_AMPOULE,Japan_Offline,104,0,0.0
55,PureLeaf,PL_GLOBAL_CREAM,Amazon_US,212,0,0.0
55,PureLeaf,PL_GLOBAL_CREAM,D2C,379,0,0.0
55,PureLeaf,PL_GLOBAL_CREAM,Domestic_Retail,492,1,0.429
55,PureLeaf,PL_GLOBAL_CREAM,Japan_Offline,260,0,0.0
55,PureLeaf,PL_SLOW_MASK,Amazon_US,0,0,0.0
55,PureLeaf,PL_SLOW_MASK,D2C,38,0,0.0
55,PureLeaf,PL_SLOW_MASK,Domestic_Retail,0,0,0.0
55,PureLeaf,PL_SLOW_MASK,Japan_Offline,17,0,0.0
56,AquaMuse,AM_BASIC_TONER,Amazon_US,218,0,0.0
56,AquaMuse,AM_BASIC_TONER,D2C,275,0,0.0
56,AquaMuse,AM_BASIC_TONER,Domestic_Retail,254,0,0.0
56,AquaMuse,AM_BASIC_TONER,Japan_Offline,178,0,0.0
56,AquaMuse,AM_BUNDLE_KIT,Amazon_US,259,1,0.544
56,AquaMuse,AM_BUNDLE_KIT,D2C,212,1,0.742
56,AquaMuse,AM_BUNDLE_KIT,Domestic_Retail,340,0,0.0
56,AquaMuse,AM_BUNDLE_KIT,Japan_Offline,70,1,0.518
56,GlowLab,GL_HERO_SERUM,Amazon_US,360,0,0.0
56,GlowLab,GL_HERO_SERUM,D2C,379,1,0.646
56,GlowLab,GL_HERO_SERUM,Domestic_Retail,517,1,0.612
56,GlowLab,GL_HERO_SERUM,Japan_Offline,310,0,0.0
56,GlowLab,GL_NEW_AMPOULE,Amazon_US,169,0,0.0
56,GlowLab,GL_NEW_AMPOULE,D2C,224,0,0.0
56,GlowLab,GL_NEW_AMPOULE,Domestic_Retail,266,0,0.0
56,GlowLab,GL_NEW_AMPOULE,Japan_Offline,213,0,0.0
56,PureLeaf,PL_GLOBAL_CREAM,Amazon_US,237,0,0.0
56,PureLeaf,PL_GLOBAL_CREAM,D2C,164,0,0.0
56,PureLeaf,PL_GLOBAL_CREAM,Domestic_Retail,362,0,0.0
56,PureLeaf,PL_GLOBAL_CREAM,Japan_Offline,150,0,0.0
56,PureLeaf,PL_SLOW_MASK,Amazon_US,0,0,0.0
56,PureLeaf,PL_SLOW_MASK,D2C,34,0,0.0
56,PureLeaf,PL_SLOW_MASK,Domestic_Retail,53,0,0.0
56,PureLeaf,PL_SLOW_MASK,Japan_Offline,13,0,0.0
57,AquaMuse,AM_BASIC_TONER,Amazon_US,238,1,0.221
57,AquaMuse,AM_BASIC_TONER,D2C,281,0,0.0
57,AquaMuse,AM_BASIC_TONER,Domestic_Retail,280,0,0.0
57,AquaMuse,AM_BASIC_TONER,Japan_Offline,164,0,0.0
57,AquaMuse,AM_BUNDLE_KIT,Amazon_US,91,0,0.0
57,AquaMuse,AM_BUNDLE_KIT,D2C,296,1,0.829
57,AquaMuse,AM_BUNDLE_KIT,Domestic_Retail,120,0,0.0
57,AquaMuse,AM_BUNDLE_KIT,Japan_Offline,129,1,0.758
57,GlowLab,GL_HERO_SERUM,Amazon_US,1299,1,0.374
57,GlowLab,GL_HERO_SERUM,D2C,550,0,0.0
57,GlowLab,GL_HERO_SERUM,Domestic_Retail,728,1,0.707
57,GlowLab,GL_HERO_SERUM,Japan_Offline,404,1,0.465
57,GlowLab,GL_NEW_AMPOULE,Amazon_US,141,0,0.0
57,GlowLab,GL_NEW_AMPOULE,D2C,203,0,0.0
57,GlowLab,GL_NEW_AMPOULE,Domestic_Retail,299,0,0.0
57,GlowLab,GL_NEW_AMPOULE,Japan_Offline,114,0,0.0
57,PureLeaf,PL_GLOBAL_CREAM,Amazon_US,234,0,0.0
57,PureLeaf,PL_GLOBAL_CREAM,D2C,219,0,0.0
57,PureLeaf,PL_GLOBAL_CREAM,Domestic_Retail,256,1,0.431
57,PureLeaf,PL_GLOBAL_CREAM,Japan_Offline,253,0,0.0
57,PureLeaf,PL_SLOW_MASK,Amazon_US,16,1,0.132
57,PureLeaf,PL_SLOW_MASK,D2C,0,0,0.0
57,PureLeaf,PL_SLOW_MASK,Domestic_Retail,24,0,0.0
57,PureLeaf,PL_SLOW_MASK,Japan_Offline,14,0,0.0
58,AquaMuse,AM_BASIC_TONER,Amazon_US,320,0,0.0
58,AquaMuse,AM_BASIC_TONER,D2C,338,0,0.0
58,AquaMuse,AM_BASIC_TONER,Domestic_Retail,303,0,0.0
58,AquaMuse,AM_BASIC_TONER,Japan_Offline,163,0,0.0
58,AquaMuse,AM_BUNDLE_KIT,Amazon_US,99,0,0.0
58,AquaMuse,AM_BUNDLE_KIT,D2C,198,1,0.17
58,AquaMuse,AM_BUNDLE_KIT,Domestic_Retail,109,0,0.0
58,AquaMuse,AM_BUNDLE_KIT,Japan_Offline,61,0,0.0
58,GlowLab,GL_HERO_SERUM,Amazon_US,417,0,0.0
58,GlowLab,GL_HERO_SERUM,D2C,795,1,0.389
58,GlowLab,GL_HERO_SERUM,Domestic_Retail,618,0,0.0
58,GlowLab,GL_HERO_SERUM,Japan_Offline,254,0,0.0
58,GlowLab,GL_NEW_AMPOULE,Amazon_US,69,0,0.0
58,GlowLab,GL_NEW_AMPOULE,D2C,109,0,0.0
58,GlowLab,GL_NEW_AMPOULE,Domestic_Retail,180,0,0.0
58,GlowLab,GL_NEW_AMPOULE,Japan_Offline,93,0,0.0
58,PureLeaf,PL_GLOBAL_CREAM,Amazon_US,289,0,0.0
58,PureLeaf,PL_GLOBAL_CREAM,D2C,124,0,0.0
58,PureLeaf,PL_GLOBAL_CREAM,Domestic_Retail,135,0,0.0
58,PureLeaf,PL_GLOBAL_CREAM,Japan_Offline,126,0,0.0
58,PureLeaf,PL_SLOW_MASK,Amazon_US,4,0,0.0
58,PureLeaf,PL_SLOW_MASK,D2C,0,0,0.0
58,PureLeaf,PL_SLOW_MASK,Domestic_Retail,122,0,0.0
58,PureLeaf,PL_SLOW_MASK,Japan_Offline,9,0,0.0
59,AquaMuse,AM_BASIC_TONER,Amazon_US,198,0,0.0
59,AquaMuse,AM_BASIC_TONER,D2C,325,0,0.0
59,AquaMuse,AM_BASIC_TONER,Domestic_Retail,334,1,0.33
59,AquaMuse,AM_BASIC_TONER,Japan_Offline,150,0,0.0
59,AquaMuse,AM_BUNDLE_KIT,Amazon_US,59,0,0.0
59,AquaMuse,AM_BUNDLE_KIT,D2C,289,1,0.67
59,AquaMuse,AM_BUNDLE_KIT,Domestic_Retail,140,0,0.0
59,AquaMuse,AM_BUNDLE_KIT,Japan_Offline,63,0,0.0
59,GlowLab,GL_HERO_SERUM,Amazon_US,486,0,0.0
59,GlowLab,GL_HERO_SERUM,D2C,589,0,0.0
59,GlowLab,GL_HERO_SERUM,Domestic_Retail,272,0,0.0
59,GlowLab,GL_HERO_SERUM,Japan_Offline,264,0,0.0
59,GlowLab,GL_NEW_AMPOULE,Amazon_US,95,0,0.0
59,GlowLab,GL_NEW_AMPOULE,D2C,229,0,0.0
59,GlowLab,GL_NEW_AMPOULE,Domestic_Retail,149,0,0.0
59,GlowLab,GL_NEW_AMPOULE,Japan_Offline,78,0,0.0
59,PureLeaf,PL_GLOBAL_CREAM,Amazon_US,231,0,0.0
59,PureLeaf,PL_GLOBAL_CREAM,D2C,337,0,0.0
59,PureLeaf,PL_GLOBAL_CREAM,Domestic_Retail,310,1,0.314
59,PureLeaf,PL_GLOBAL_CREAM,Japan_Offline,225,0,0.0
59,PureLeaf,PL_SLOW_MASK,Amazon_US,0,0,0.0
59,PureLeaf,PL_SLOW_MASK,D2C,0,0,0.0
59,PureLeaf,PL_SLOW_MASK,Domestic_Retail,0,0,0.0
59,PureLeaf,PL_SLOW_MASK,Japan_Offline,0,0,0.0
60,AquaMuse,AM_BASIC_TONER,Amazon_US,185,0,0.0
60,AquaMuse,AM_BASIC_TONER,D2C,248,0,0.0
60,AquaMuse,AM_BASIC_TONER,Domestic_Retail,207,0,0.0
60,AquaMuse,AM_BASIC_TONER,Japan_Offline,155,0,0.0
60,AquaMuse,AM_BUNDLE_KIT,Amazon_US,95,1,1.102
60,AquaMuse,AM_BUNDLE_KIT,D2C,445,1,0.725
60,AquaMuse,AM_BUNDLE_KIT,Domestic_Retail,204,0,0.0
60,AquaMuse,AM_BUNDLE_KIT,Japan_Offline,29,0,0.0
60,GlowLab,GL_HERO_SERUM,Amazon_US,530,0,0.0
60,GlowLab,GL_HERO_SERUM,D2C,352,0,0.0
60,GlowLab,GL_HERO_SERUM,Domestic_Retail,305,0,0.0
60,GlowLab,GL_HERO_SERUM,Japan_Offline,136,0,0.0
60,GlowLab,GL_NEW_AMPOULE,Amazon_US,145,0,0.0
60,GlowLab,GL_NEW_AMPOULE,D2C,221,0,0.0
60,GlowLab,GL_NEW_AMPOULE,Domestic_Retail,214,0,0.0
60,GlowLab,GL_NEW_AMPOULE,Japan_Offline,122,0,0.0
60,PureLeaf,PL_GLOBAL_CREAM,Amazon_US,214,1,0.236
60,PureLeaf,PL_GLOBAL_CREAM,D2C,227,0,0.0
60,PureLeaf,PL_GLOBAL_CREAM,Domestic_Retail,168,0,0.0
60,PureLeaf,PL_GLOBAL_CREAM,Japan_Offline,135,0,0.0
60,PureLeaf,PL_SLOW_MASK,Amazon_US,0,0,0.0
60,PureLeaf,PL_SLOW_MASK,D2C,34,0,0.0
60,PureLeaf,PL_SLOW_MASK,Domestic_Retail,0,0,0.0
60,PureLeaf,PL_SLOW_MASK,Japan_Offline,19,0,0.0
